"d005335","fever of unknown origin","unknown origin fever;unknown origin fevers"
"d018614","sweating sickness","sudor anglicus"
"d005334","fever","pyrexia;pyrexias;hyperthermia;hyperthermias"
"d007035","hypothermia",""
"d001832","body temperature changes","body temperature change;change body temperature;temperature change body"
"d005320","fetal macrosomia","macrosomias fetal"
"d001724","birth weight","weights birth"
"d000077962","body-weight trajectory","body weight trajectory;body-weight trajectories;trajectories body-weight;weight trajectory;trajectories weight;trajectory weight;weight trajectories;weight change trajectory;change trajectories weight;change trajectory weight;trajectories weight change;trajectory weight change;weight change trajectories;weight loss trajectory;loss trajectories weight;loss trajectory weight;trajectories weight loss;trajectory weight loss;weight loss trajectories;weight gain trajectory;gain trajectories weight;gain trajectory weight;trajectories weight gain;trajectory weight gain;weight gain trajectories"
"d000078064","gestational weight gain","pregnancy weight gain;weight gain pregnancy;maternal weight gain;weight gain maternal;postpartum weight retention;weight retention postpartum"
"d015430","weight gain","gains weight"
"d002100","cachexia",""
"d004614","emaciation",""
"d015431","weight loss","losses weight;weight reduction;reduction weight;reductions weight;weight reductions"
"d001836","body weight changes","body weight change;change body weight;weight change body"
"d020567","fetal weight","weights fetal;body weight fetal;body weights fetal;fetal body weight;fetal body weights"
"d000079262","obesity maternal","obesity in pregnancy"
"d000067329","obesity metabolically benign","metabolically healthy obesity;healthy obesity metabolically;obesity metabolically healthy"
"d009767","obesity morbid","morbid obesities;obesities morbid;obesity severe;obesities severe;severe obesities;severe obesity"
"d063766","pediatric obesity","childhood onset obesity;obesity childhood onset;obesity in childhood;child obesity;obesity child;childhood obesity;obesity childhood;infant overweight;overweight infant;infantile obesity;obesity infantile;infant obesity;obesity infant;childhood overweight;overweight childhood;adolescent overweight;overweight adolescent;adolescent obesity;obesity adolescent;obesity in adolescence"
"d009765","obesity",""
"d050177","overweight",""
"d013851","thinness","leanness;underweight"
"d001835","body weight","weights body"
"d016534","cardiac output high","cardiac outputs high;high cardiac outputs"
"d002303","cardiac output low","low cardiac output syndrome"
"d023341","chills",""
"d057768","infantile apparent life-threatening event","infantile apparent life threatening event;idiopathic apparent life-threatening event;idiopathic apparent life threatening event"
"d003490","cyanosis","cyanoses"
"d004489","edema cardiac","cardiac edemas;edemas cardiac"
"d015160","hydrops fetalis","edema fetal;fetal edema;fetal hydrops;hydrops fetal;hydrops fetali nonimmune;nonimmune hydrops fetali;fetalis nonimmune hydrops;fetalis nonimmunes hydrops;fetali idiopathic hydrops;fetalis idiopathic hydrops;hydrops fetali idiopathic;idiopathic hydrops fetali"
"d004487","edema","dropsy;hydrops;anasarca"
"d005130","eye hemorrhage","hemophthalmos"
"d058447","eye pain","pains eye"
"d055955","susac syndrome","retinocochleocerebral vasculopathy;retinocochleocerebral vasculopathies;vasculopathies retinocochleocerebral;vasculopathy retinocochleocerebral;susacs syndrome;susacs syndrome;syndrome susacs"
"d005132","eye manifestations","eye manifestation;manifestation eye"
"d005183","failure to thrive",""
"d000071064","alert fatigue health personnel",""
"d000068376","compassion fatigue","vicarious trauma;trauma vicarious;traumas vicarious;vicarious traumas;secondary trauma;secondary traumas;trauma secondary;traumas secondary;secondary traumatization;secondary traumatizations;traumatization secondary;traumatizations secondary;secondary traumatic stress;stress secondary traumatic;stresses secondary traumatic;traumatic stress secondary;vicarious traumatization;traumatization vicarious"
"d005222","mental fatigue",""
"d005221","fatigue","lassitude"
"d005262","feminization",""
"d005316","fetal distress","nonreassuring fetal status;fetal status nonreassuring"
"d054160","systolic murmurs","murmur systolic;systolic murmur;ejection murmurs;ejection murmur;murmur ejection;murmurs ejection;systolic regurgitant murmurs;murmur systolic regurgitant;murmurs systolic regurgitant;regurgitant murmur systolic;regurgitant murmurs systolic;systolic regurgitant murmur"
"d006337","heart murmurs","heart murmur;murmur heart;cardiac murmurs;cardiac murmur;murmur cardiac;murmurs cardiac;innocent murmurs;innocent murmur;murmur innocent;murmurs innocent;diastolic murmurs;diastolic murmur;murmur diastolic;murmurs diastolic"
"d019584","hot flashes",""
"d006942","hypergammaglobulinemia","hyperimmunoglobulinemia;hyperimmunoglobulinemias"
"d065906","hyperlactatemia",""
"d064250","hypertriglyceridemic waist","enlarged waist elevated triglycerides"
"d007383","intermittent claudication",""
"d000071896","medically unexplained symptoms","medically unexplained symptom;symptom medically unexplained;unexplained symptom medically;somatic symptoms;somatic symptom;symptom somatic;symptoms somatic"
"d051346","mobility limitation","ambulation difficulty;ambulation difficulties;difficulties ambulation;difficulty ambulation;difficulty ambulation;ambulatory difficulty;ambulatory difficulties;difficulties ambulatory;difficulty walking;walking difficulty"
"d018489","space motion sickness","space adaptation syndrome;adaptation syndrome space;syndrome space adaptation"
"d009041","motion sickness","seasickness;sea sickness;sickness sea;airsickness;air sickness;sickness air;carsickness;car sickness;sickness car"
"d017682","myocardial stunning","hibernation myocardial;myocardial hibernation;stunned myocardium;myocardium stunned"
"d002558","cerebrospinal fluid otorrhea","cerebrospinal otorrhea;otorrhea cerebrospinal;otorrhea cerebrospinal fluid post-traumatic;otorrhea cerebrospinal fluid traumatic;otorrhea post-traumatic cerebrospinal fluid;post-traumatic otorrhea cerebrospinal fluid;post traumatic otorrhea cerebrospinal fluid;traumatic otorrhea cerebrospinal fluid;otorrhea traumatic cerebrospinal fluid;spontaneous otorrhea cerebrospinal fluid;otorrhea cerebrospinal fluid spontaneous;otorrhea spontaneous cerebrospinal fluid"
"d002559","cerebrospinal fluid rhinorrhea","rhinorrheas cerebrospinal fluid;csf rhinorrhea;csf rhinorrheas;rhinorrhea csf;rhinorrheas csf;cerebrospinal rhinorrhea;cerebrospinal rhinorrheas;rhinorrhea cerebrospinal;rhinorrheas cerebrospinal;post-traumatic rhinorrhea cerebrospinal fluid;post traumatic rhinorrhea cerebrospinal fluid;traumatic rhinorrhea cerebrospinal fluid;rhinorrhea cerebrospinal fluid traumatic;rhinorrhea post-traumatic cerebrospinal fluid;rhinorrhea traumatic cerebrospinal fluid;rhinorrhea cerebrospinal fluid post-traumatic;spontaneous rhinorrhea cerebrospinal fluid;rhinorrhea cerebrospinal fluid spontaneous;rhinorrhea spontaneous cerebrospinal fluid"
"d065634","cerebrospinal fluid leak","fluid leaks cerebrospinal;leaks cerebrospinal fluid;fluid leakage cerebrospinal;fluid leakages cerebrospinal;leakage cerebrospinal fluid;leakages cerebrospinal fluid;cerebrospinal fluid drainage;cerebrospinal fluid drainages;drainage cerebrospinal fluid;drainages cerebrospinal fluid;fluid drainage cerebrospinal;fluid drainages cerebrospinal;cerebrospinal fluid drainage spontaneous;cerebrospinal fluid drainage traumatic;cerebrospinal fluid drainage post-traumatic;cerebrospinal fluid drainage post traumatic"
"d003655","decerebrate state","states decerebrate;rigidity decerebrate;decerebrate rigidity;decorticate rigidity;rigidity decorticate;decorticate rigidities;rigidities decorticate;decorticate state;decorticate states;decerebrate posturing;decerebrate posturings;posturing decerebrate;posturings decerebrate"
"d001264","athetosis","athetoses;hammond disease;disease hammond;diseases hammond;hammond diseases;hammonds disease;disease hammonds;diseases hammonds;hammonds diseases;hammonds disease;athetoid movements;athetoid movement;movement athetoid;movements athetoid"
"d002375","catalepsy","catalepsies;anochlesia;anochlesias;cerea flexibilitas;flexibilitas cerea;flexibility waxy;flexibilities waxy;waxy flexibilities;waxy flexibility"
"d002819","chorea","choreiform movement;choreiform movements;movement choreiform;movements choreiform;choreic movement;choreic movements;movement choreic;movements choreic;st vituss dance;st vitus dance;st vituss dances;st vituss dance;dyskinesias paroxysmal;dyskinesia paroxysmal;paroxysmal dyskinesia;paroxysmal dyskinesias"
"d000071057","tardive dyskinesia","dyskinesias tardive;tardive dystonia;dystonia tardive;dystonias tardive;tardive dystonias"
"d004409","dyskinesia drug-induced","drug-induced dyskinesias;dyskinesia drug induced;dyskinesias drug-induced;dyskinesia medication-induced;dyskinesia medication induced;dyskinesias medication-induced;medication-induced dyskinesias;medication-induced dyskinesia;medication induced dyskinesia"
"d014103","torticollis","wryneck;cervical dystonia"
"d004421","dystonia",""
"d006948","hyperkinesis","hyperkinesia;hyperkinetic movements;hyperkinetic movement;movement hyperkinetic;movements hyperkinetic;hyperactivity motor;motor hyperactivity;hyperkinesia generalized;generalized hyperkinesia;generalized hyperkinesias;hyperkinesias generalized"
"d018476","hypokinesia","hypodynamia;bradykinesia;bradykinesias"
"d009207","myoclonus","myoclonic jerking;jerking myoclonic;myoclonic jerk;jerk myoclonic;jerks myoclonic;myoclonic jerks"
"d017109","akathisia drug-induced","akathisia drug induced;drug induced akathisia;acathisia drug-induced;acathisia drug induced;drug-induced acathisia;pseudoakathisia;akathisia tardive;tardive akathisia"
"d011595","psychomotor agitation","restlessness;psychomotor hyperactivity;hyperactivity psychomotor;psychomotor restlessness;restlessness psychomotor;excitement psychomotor;psychomotor excitement;akathisia"
"d046608","synkinesis","synkineses"
"d020323","tics","tic;habituation spasm;habituation spasms;spasm habituation;spasms habituation;habit chorea;chorea habit;choreas habit;habit choreas;habit spasm;habit spasms;spasm habit;spasms habit;tic vocal;vocal tic;tic transient;transient tic;tic gestural;gestural tic;tic motor;motor tic"
"d014202","tremor","involuntary quiver;involuntary quivers;quiver involuntary;quivers involuntary"
"d002524","cerebellar ataxia","cerebellar incoordination;cerebellar incoordinations;incoordination cerebellar;incoordinations cerebellar;ataxias cerebellar;cerebellar hemiataxia;cerebellar hemiataxias;hemiataxia cerebellar;hemiataxias cerebellar;cerebellar dysmetria;cerebellar dysmetrias;dysmetria cerebellar;dysmetrias cerebellar;dysmetria;dysmetrias;hypermetria;hypermetrias;adiadochokinesis;adiadochokineses"
"d020234","gait ataxia","ataxias gait;ataxia of gait;ataxia sensory gait;ataxias sensory gait;ataxia cerebellar gait;ataxias cerebellar gait;cerebellar gait;cerebellar gaits;gait cerebellar;gaits cerebellar"
"d001259","ataxia","coordination impairment;coordination impairments;impairment coordination;impairments coordination;dyssynergia;ataxy;tremor rubral;rubral tremor;rubral tremors;tremors rubral;dyscoordination;lack of coordination;coordination lack;incoordination;incoordinations"
"d020820","dyskinesias","dyskinesia;abnormal movements;abnormal movement;movement abnormal;movements abnormal;oral dyskinesia;dyskinesia oral;orofacial dyskinesia;dyskinesia orofacial;oral-facial dyskinesia;dyskinesia oral-facial;oral facial dyskinesia;linguofacial dyskinesia;dyskinesia linguofacial;lingual-facial-buccal dyskinesia;dyskinesia lingual-facial-buccal;lingual facial buccal dyskinesia;tardive oral dyskinesia;hemiballismus;hemiballism;involuntary movements;involuntary movement;movement involuntary;movements involuntary;asterixis;ballismus"
"d020235","gait apraxia","apraxias gait;dyspraxia of gait;gait dyspraxia;gait dyspraxias;apraxia of gait;apraxia frontal gait;apraxias frontal gait;bruns apraxia of gait;bruns apraxia gait;bruns apraxia gait;apraxia bruns gait;apraxias bruns gait"
"d020233","gait disorders neurologic","gait disorder neurologic;neurologic gait disorder;neurologic locomotion disorders;locomotion disorders neurologic;locomotion disorder neurologic;neurologic locomotion disorder;neurologic ambulation disorders;ambulation disorders neurologic;ambulation disorder neurologic;neurologic ambulation disorder;gait dysfunction neurologic;gait dysfunctions neurologic;neurologic gait dysfunction;neurologic gait dysfunctions;duck gait;gait duck;gait disorder sensorimotor;gait disorders sensorimotor;sensorimotor gait disorders;sensorimotor gait disorder;gait athetotic;athetotic gait;gait broadened;broadened gait;gait drop foot;drop foot gait;foot gait drop;gait festinating;festinating gait;gait frontal;frontal gait;gait hemiplegic;hemiplegic gait;gait hysterical;hysterical gait;gait reeling;reeling gait;gait rigid;rigid gait;gait scissors;scissors gait;gait shuffling;shuffling gait;shuffling gaits;gait spastic;spastic gait;gait stumbling;stumbling gait;gait unsteady;unsteady gait;gait widebased;widebased gait;marche a petit pas;rapid fatigue of gait;charcot gait;charcot gaits;gait charcot;gaits charcot;charcots gait;charcots gait;gait charcots"
"d008580","meningism","pseudomeningitis;pseudomeningitides;meningitis-like reaction;meningitis like reaction;meningitis-like reactions;reaction meningitis-like;reactions meningitis-like;dupre syndrome;syndrome dupre;dupres syndrome;dupres syndrome;syndrome dupres"
"d002389","catatonia","organic catatonic disorder;catatonic disorder organic;catatonic disorders organic;organic catatonic disorders"
"d020237","alexia pure","alexias pure;pure alexias;visual verbal agnosia;agnosia visual verbal;agnosias visual verbal;verbal agnosia visual;verbal agnosias visual;visual verbal agnosias;pure alexia without agraphia;pure word blindness;blindness pure word;blindnesses pure word;pure word blindnesses;word blindness pure;word blindnesses pure;alexia without agraphia;agraphia alexia without;agraphias alexia without;alexia without agraphias;without agraphia alexia;without agraphias alexia;alexia syndrome without agraphia"
"d004411","dyslexia acquired","word blindness acquired;acquired word blindness;acquired word blindnesses;blindness acquired word;blindnesses acquired word;word blindnesses acquired;reading disability acquired;acquired reading disabilities;acquired reading disability;disabilities acquired reading;disability acquired reading;reading disabilities acquired;acquired global dyslexia;acquired spelling dyslexia;alexia acquired;acquired alexia"
"d004410","dyslexia","word blindness;blindness word;blindnesses word;word blindnesses;reading disorder;disorder reading;disorders reading;reading disorders;reading disorder developmental;developmental reading disorders;disorder developmental reading;disorders developmental reading;reading disorders developmental;reading disability developmental;developmental reading disabilities;developmental reading disability;disabilities developmental reading;disability developmental reading;reading disabilities developmental;developmental reading disorder;alexia;alexias"
"d000080888","specific language disorder","disorders specific language;language disorders specific;specific language impairment;impairment specific language;impairments specific language;language impairment specific;language impairments specific;specific language impairments"
"d007805","language development disorders","development disorder language;disorder language development;language development disorder;speech or language developmental disorder;language disorders developmental;developmental disorder speech or language;developmental language disorders;developmental language disorder;language disorder developmental;speech delay;delay speech;delays speech;speech delays;semantic-pragmatic disorder;semantic pragmatic disorder;semantic-pragmatic disorders;auditory processing disorder central;central auditory processing disorder;language delay;language delays"
"d001039","aphasia broca","agrammatic brocas aphasia;agrammatic brocas aphasias;agrammatic brocas aphasia;aphasia agrammatic brocas;aphasias agrammatic brocas;brocas aphasia agrammatic;brocas aphasias agrammatic;agrammatism;aphasia frontocortical;aphasias frontocortical;frontocortical aphasia;frontocortical aphasias;verbal aphasia syndrome;aphasia syndrome verbal;aphasia syndromes verbal;syndrome verbal aphasia;syndromes verbal aphasia;verbal aphasia syndromes;aphasia nonfluent;nonfluent aphasia;aphasias broca;broca aphasias;dysphasia broca;broca dysphasia;dysphasia brocas;brocas dysphasia;dysphasia brocas;agrammatic broca aphasia;agrammatic broca aphasias;aphasia agrammatic broca;aphasias agrammatic broca;broca aphasia agrammatic;broca aphasias agrammatic;aphasia motor;motor aphasia;aphasia ataxic;aphasias ataxic;ataxic aphasia;ataxic aphasias;aphasia expressive;expressive aphasia;aphasia anterior;anterior aphasia;anterior aphasias;aphasias anterior"
"d018886","aphasia conduction","aphasias conduction;conduction aphasias;dysphasia conduction;conduction dysphasia;conduction dysphasias;dysphasias conduction;associative dysphasia;dysphasia associative;associative dysphasias;dysphasias associative;aphasia associative;aphasias associative;associative aphasias;associative aphasia"
"d057178","primary progressive nonfluent aphasia","ppa syndrome;ppa syndromes;syndrome ppa;syndromes ppa;non-fluent primary progressive aphasia;non fluent primary progressive aphasia;progressive nonfluent aphasia;aphasia progressive nonfluent;aphasias progressive nonfluent;nonfluent aphasia progressive;nonfluent aphasias progressive;progressive nonfluent aphasias"
"d018888","aphasia primary progressive","aphasias primary progressive;primary progressive aphasias;progressive aphasias primary;mesulams syndrome;syndrome mesulams;mesulam syndrome;syndrome mesulam"
"d001041","aphasia wernicke","aphasias wernicke;wernicke aphasias;wernickes fluent aphasia;dysphasia wernicke;wernicke dysphasia;dysphasia wernickes;dysphasia wernickes;wernickes dysphasia;aphasia posterior;aphasias posterior;posterior aphasia;posterior aphasias;receptive aphasia;aphasia receptive;dysphasia receptive;dysphasias receptive;receptive dysphasia;receptive dysphasias;sensory aphasia;aphasia sensory;aphasia psychosensory;aphasias psychosensory;psychosensory aphasia;psychosensory aphasias;aphasia fluent;fluent aphasia;dysphasia fluent;dysphasias fluent;fluent dysphasia;fluent dysphasias;dysphasia sensory;dysphasias sensory;sensory dysphasia;sensory dysphasias;aphasia jargon;aphasias jargon;jargon aphasia;jargon aphasias"
"d001037","aphasia","logasthenia;logasthenias;logagnosia;logagnosias;logamnesia;logamnesias;alogia;alogias;anepia;anepias;dysphasia global;dysphasias global;global dysphasia;global dysphasias;dejerine-lichtheim phenomenon;dejerine lichtheim phenomenon;phenomenon dejerine-lichtheim;lichtheims sign;lichtheim sign;lichtheims sign;sign lichtheims;dysphasia"
"d004401","dysarthria","dysarthosis;dysarthoses"
"d001184","articulation disorders","articulation disorder;articulation disorder speech;speech articulation disorder;phonological impairments;impairment phonological;impairments phonological;phonological impairment;phonology impairment;impairment phonology;impairments phonology;phonology impairments;disarticulation disorder;disorder disarticulation;disorders disarticulation;misarticulation;unintelligible articulation;articulation unintelligible;articulations unintelligible;unintelligible articulations;articulation disorder developmental;developmental articulation disorder"
"d004454","echolalia","echo speech;speech echo;echophrasia;echo reaction;reaction echo;reactions echo"
"d009155","mutism","kussmaul aphasia;aphasia kussmaul;kussmauls aphasia;aphasia kussmauls;kussmauls aphasia"
"d013342","stuttering","stammering"
"d013064","speech disorders","cluttering;clutterings;verbal fluency disorders;verbal fluency disorder;dyslalia;dyslalias;rhinolalia;rhinolalias;aprosodia;aprosodias;aprosodic speech;speech aprosodic;dysglossia;dysglossias"
"d000381","agraphia","dysgraphia;dysgraphias;acquired dysgraphia;acquired dysgraphias;dysgraphia acquired;dysgraphias acquired;developmental dysgraphia;developmental dysgraphias;dysgraphia developmental;dysgraphias developmental"
"d000849","anomia","aphasia amnesic;amnesic aphasia;nominal dysphasia;dysphasia nominal;dysphasias nominal;nominal dysphasias;aphasia nominal;nominal aphasia;dysnomia;dysnomias;anomic dysphasia;anomic dysphasias;dysphasia anomic;dysphasias anomic;aphasia anomic;anomic aphasia"
"d007806","language disorders","language disorder;acquired language disorder;language disorder acquired"
"d007859","learning disabilities","disability learning;learning disability;developmental academic disability;academic disabilities developmental;academic disability developmental;developmental academic disabilities;disabilities developmental academic;disability developmental academic;developmental disabilities of scholastic skills;developmental disorders of scholastic skills;academic disorder developmental;developmental academic disorder;academic disorders developmental;developmental academic disorders;scholastic skills development disorders;adult learning disability;disabilities adult learning;disability adult learning;learning disability adult;learning disorders adult;adult learning disorders;adult learning disorder;learning disorder adult;learning disturbance;disturbance learning;disturbances learning;learning disturbances"
"d060705","dyscalculia","acalculia;acalculias;secondary acalculia;acalculia secondary;acalculias secondary;secondary acalculias"
"d003147","communication disorders","communication disorder;communicative disorders;communicative disorder;communication disorder developmental;developmental communication disorder;childhood communication disorder;communication disorder childhood;communicative dysfunction;communicative dysfunctions;dysfunction communicative;dysfunctions communicative;communication disorder neurogenic;neurogenic communication disorder;communication disabilities;communication disability;disabilities communication;disability communication;acquired communication disorder;communication disorder acquired"
"d000071257","emergence delirium","delirium anesthesia emergence;emergence excitement;excitement emergence;postanesthetic excitement;excitement postanesthetic;agitated emergence;emergence agitated;emergence agitation;agitation emergence;agitations emergence"
"d003693","delirium",""
"d003221","confusion","disorientation;bewilderment"
"d003128","coma",""
"d018458","persistent vegetative state","states persistent vegetative;vegetative states persistent;persistent unawareness state;persistent unawareness states;state persistent unawareness;states persistent unawareness;unawareness state persistent;unawareness states persistent;permanent vegetative state;permanent vegetative states;state permanent vegetative;states permanent vegetative;vegetative state permanent;vegetative states permanent;vegetative state;state vegetative;states vegetative;vegetative states;post-traumatic vegetative state;post traumatic vegetative state;post-traumatic vegetative states;state post-traumatic vegetative;states post-traumatic vegetative;vegetative state post-traumatic;vegetative states post-traumatic;posttraumatic unawareness state;posttraumatic unawareness states;state posttraumatic unawareness;states posttraumatic unawareness;unawareness state posttraumatic;unawareness states posttraumatic;post-traumatic unawareness state;post traumatic unawareness state;post-traumatic unawareness states;state post-traumatic unawareness;states post-traumatic unawareness;unawareness state post-traumatic;unawareness states post-traumatic;prolonged post-traumatic unawareness;post-traumatic unawareness prolonged;post-traumatic unawarenesses prolonged;prolonged post traumatic unawareness;prolonged post-traumatic unawarenesses;unawareness prolonged post-traumatic;unawarenesses prolonged post-traumatic;transient vegetative state;state transient vegetative;states transient vegetative;transient vegetative states;vegetative state transient;vegetative states transient;minimally conscious state;minimally conscious states;state minimally conscious;states minimally conscious;post-comatose unawareness state;post comatose unawareness state;post-comatose unawareness states;state post-comatose unawareness;states post-comatose unawareness;unawareness state post-comatose;unawareness states post-comatose;postcomatose unawareness state;postcomatose unawareness states;state postcomatose unawareness;states postcomatose unawareness;unawareness state postcomatose;unawareness states postcomatose"
"d053608","stupor","narcosis"
"d019462","syncope vasovagal","syncopes vasovagal;vasovagal syncopes;syncope vasodepressor;syncopes vasodepressor;vasodepressor syncope;vasodepressor syncopes;neurally mediated faint;faint neurally mediated;faints neurally mediated;neurally mediated faints;syncope neurocardiogenic;neurocardiogenic syncope;neurocardiogenic syncopes;syncopes neurocardiogenic;syncope neurogenic;neurogenic syncope;neurogenic syncopes;syncopes neurogenic;syncope malignant neurocardiogenic;malignant neurocardiogenic syncope;malignant neurocardiogenic syncopes;neurocardiogenic syncope malignant;neurocardiogenic syncopes malignant;syncopes malignant neurocardiogenic;syncope cerebral;cerebral syncope;cerebral syncopes;syncopes cerebral;syncope supine;supine syncope;supine syncopes;syncopes supine"
"d013575","syncope","fainting;syncopal episode;episode syncopal;syncopal episodes;syncopal vertigo;vertigo syncopal;vertigos syncopal;drop attack;attack drop;drop attacks"
"d014474","unconsciousness","unconscious state;state unconscious;unconscious states;consciousness loss of;loss of consciousness"
"d003244","consciousness disorders","consciousness disorder;consciousness level depressed;depressed level of consciousness;semiconsciousness;consciousness level altered;altered level of consciousness"
"d053609","lethargy",""
"d000648","amnesia retrograde","amnesias retrograde;retrograde amnesias;memory loss retrograde;memory losses retrograde;retrograde memory loss;retrograde memory losses;pre-ictal memory loss;memory loss pre-ictal;memory losses pre-ictal;pre ictal memory loss;pre-ictal memory losses;amnesia pre-ictal;amnesia pre ictal;amnesias pre-ictal;pre-ictal amnesia;pre-ictal amnesias"
"d020236","amnesia transient global","tga transient global amnesia;tgas transient global amnesia"
"d000647","amnesia","amnestic state;amnestic states;state amnestic;states amnestic"
"d020324","amnesia anterograde","amnesias anterograde;anterograde amnesias;memory loss anterograde;anterograde memory loss;anterograde memory losses;memory losses anterograde;post-ictal memory loss;loss post-ictal memory;losses post-ictal memory;memory loss post-ictal;memory losses post-ictal;post ictal memory loss;post-ictal memory losses;amnesia post-ictal;amnesia post ictal;amnesias post-ictal;post-ictal amnesia;post-ictal amnesias"
"d000076042","alcoholic korsakoff syndrome","alcoholic wernicke-korsakoff syndrome;alcoholic wernicke korsakoff syndrome;wernicke-korsakoff syndrome alcoholic;alcohol-induced korsakoff syndrome;alcohol induced korsakoff syndrome;korsakoff syndrome alcohol-induced"
"d020915","korsakoff syndrome","korsakoff psychosis;korsakoff psychoses;psychoses korsakoff;psychosis korsakoff"
"d008569","memory disorders","memory disorder;retention disorders cognitive;cognitive retention disorder;cognitive retention disorders;retention disorder cognitive;memory loss;memory losses;memory disorder semantic;semantic memory disorder;memory disorder spatial;spatial memory disorder;age-related memory disorder;memory disorder age-related;memory deficits;deficit memory;deficits memory;memory deficit"
"d008607","intellectual disability","disabilities intellectual;intellectual disabilities;retardation mental;intellectual development disorder;development disorder intellectual;development disorders intellectual;disorder intellectual development;disorders intellectual development;intellectual development disorders;mental retardation;idiocy;mental retardation psychosocial;mental retardations psychosocial;psychosocial mental retardation;psychosocial mental retardations;retardation psychosocial mental;retardations psychosocial mental;deficiency mental;deficiencies mental;mental deficiencies;mental deficiency"
"d005862","gerstmann syndrome","syndrome de gerstmann;gerstmann-badal syndrome;gerstmann badal syndrome;syndrome gerstmann-badal;finger-agnosia-left-right-confusion-acalculia-agraphia;finger-agnosia-left-right-confusion-acalculia-agraphias;gerstmanns syndrome;developmental gerstmanns syndrome;developmental gerstmanns syndrome;gerstmanns syndrome developmental;syndrome developmental gerstmann;syndrome acquired gerstmann;acquired gerstmanns syndrome;gerstmanns syndrome acquired;syndrome acquired gerstmanns"
"d020238","prosopagnosia","facial recognition agnosia;agnosia facial recognition;agnosias facial recognition;facial recognition agnosias;recognition agnosia facial;recognition agnosias facial;agnosia for faces;agnosia for face"
"d000377","agnosia","anosognosia;anosognosias;visual disorientation syndrome;syndrome visual disorientation;syndromes visual disorientation;visual disorientation syndromes"
"d062026","alice in wonderland syndrome",""
"d066190","allesthesia","alloesthesia;alloesthesias;allachesthesia;allachesthesias;allochiria;allochirias;dyschiria;dyschirias"
"d001308","auditory perceptual disorders","auditory perceptual disorder;perceptual disorder auditory;auditory processing disorder;auditory processing disorders;disorder auditory processing;disorders auditory processing;processing disorder auditory;processing disorders auditory;psychoacoustical disorders;disorder psychoacoustical;disorders psychoacoustical;psychoacoustical disorder;acoustic perceptual disorder;acoustic perceptual disorders;disorder acoustic perceptual;disorders acoustic perceptual;perceptual disorder acoustic;perceptual disorders acoustic;auditory comprehension disorder;auditory comprehension disorders;comprehension disorder auditory;comprehension disorders auditory;disorder auditory comprehension;disorders auditory comprehension;auditory inattention;auditory inattentions;inattention auditory;inattentions auditory"
"d000075562","charles bonnet syndrome",""
"d006212","hallucinations","hallucination;hallucination visual;visual hallucination;hallucination of body sensation;body sensation hallucination;auditory hallucination;hallucination auditory;dissociative hallucination;hallucination dissociative;elementary hallucination;hallucination elementary;gustatory hallucination;hallucination gustatory;hallucination hypnagogic;hypnagogic hallucination;hallucination hypnapompic;hypnapompic hallucination;hallucination kinesthetic;kinesthetic hallucination;hallucination mood congruent;mood congruent hallucination;hallucination mood incongruent;mood incongruent hallucination;hallucination olfactory;olfactory hallucination;hallucination organic;organic hallucination;hallucination reflex;reflex hallucination;hallucination sensory;sensory hallucination;hallucination somatic;somatic hallucination;hallucination tactile;tactile hallucination;auditory hallucination verbal;hallucination verbal auditory;verbal auditory hallucination"
"d007088","illusions","illusion;autokinetic illusion;illusion autokinetic;illusion visual;visual illusion;illusion kinesthetic;kinesthetic illusion;illusion tactile;tactile illusion;autokinetic effect;effect autokinetic;autokinetic effects;effects autokinetic;auditory illusion;illusion auditory"
"d010591","phantom limb","limbs phantom;phantom sensation;phantom sensations;sensation phantom;sensations phantom;pseudomelia;pseudomelias;limb pain phantom;limb pains phantom;phantom pain;pain phantom;pains phantom;phantom pains"
"d010468","perceptual disorders","perceptual disorder;somatosensory discrimination disorder;discrimination disorder somatosensory;discrimination disorders somatosensory;somatosensory discrimination disorders;sensory neglect;neglect sensory;sensory neglects;hemisensory neglect;hemisensory neglects;neglect hemisensory;neglects hemisensory;hemispatial neglect;hemispatial neglects;neglect hemispatial"
"d020240","apraxia ideomotor","apraxias ideomotor;ideomotor apraxias;apraxia limb kinetic;apraxias limb kinetic;kinetic apraxia limb;kinetic apraxias limb;limb kinetic apraxia;limb kinetic apraxias;classic apraxia;apraxia classic;apraxias classic;classic apraxias;dyspraxia ideomotor;dyspraxias ideomotor;ideomotor dyspraxia;ideomotor dyspraxias;apraxia ideokinetic;apraxias ideokinetic;ideokinetic apraxia;ideokinetic apraxias;apraxia transcortical;apraxias transcortical;transcortical apraxia;transcortical apraxias"
"d001072","apraxias","dyspraxia;dyspraxias;apraxia;apraxia articulatory;articulatory apraxia;dyspraxia articulatory;articulatory dyspraxia;articulatory dyspraxias;dyspraxias articulatory;apraxia developmental verbal;developmental verbal apraxia;verbal apraxia developmental;speech-language disorder 1;1s speech-language disorder;disorder 1 speech-language;disorder 1s speech-language;speech language disorder 1;speech-language disorder 1s;developmental verbal dyspraxia;developmental verbal dyspraxias;dyspraxia developmental verbal;dyspraxias developmental verbal;verbal dyspraxia developmental;verbal dyspraxias developmental;apraxia facial-oral;apraxia facial oral;facial-oral apraxia;speech and language disorder with orofacial dyspraxia;ideational apraxia;apraxia ideational;apraxia motor;motor apraxia;apraxia oral;oral apraxia;dyspraxia oral;dyspraxias oral;oral dyspraxia;oral dyspraxias;apraxia verbal;verbal apraxia;dyspraxia verbal;dyspraxias verbal;verbal dyspraxia;verbal dyspraxias;dressing apraxia;apraxia dressing;apraxia of phonation;phonation apraxia;apraxia gestural;gestural apraxia"
"d055964","alien hand syndrome","hand syndromes alien;syndromes alien hand;anarchic hand syndrome;anarchic hand syndromes;hand syndrome anarchic;hand syndromes anarchic;syndrome anarchic hand;syndromes anarchic hand"
"d011596","psychomotor disorders","developmental psychomotor disorder;psychomotor disorder developmental;psychomotor impairment;impairment psychomotor;impairments psychomotor;psychomotor impairments"
"d019954","neurobehavioral manifestations","manifestation neurobehavioral;neurobehavioral manifestation;cognitive symptoms;cognitive symptom;symptom cognitive;symptoms cognitive;signs and symptoms neurobehavioral;cognitive manifestations;cognitive manifestation;manifestation cognitive;manifestations cognitive;neurobehavioral signs and symptoms"
"d059445","anhedonia",""
"d005207","fasciculation",""
"d009120","muscle cramp","cramps muscle;muscular cramp;cramp muscular;cramps muscular;muscular cramps;cramp;cramps;limb cramp;cramp limb;cramps limb;limb cramps"
"d009127","muscle rigidity","rigidity muscular;muscular rigidity;cogwheel rigidity;cogwheel rigidities;rigidities cogwheel;rigidity cogwheel;nuchal rigidity;rigidity nuchal;extrapyramidal rigidity;rigidity extrapyramidal;gegenhalten;gegenhaltens;catatonic rigidity;rigidity catatonic;extensor rigidity;rigidity extensor"
"d009128","muscle spasticity","spastic;clasp-knife spasticity;clasp knife spasticity;spasticity clasp-knife"
"d009122","muscle hypertonia","hypertonias muscle;muscle tone increased;increased muscle tone;tone increased muscle;muscular hypertonicity;hypertonicities muscular;hypertonicity muscular;muscular hypertonicities;hypermyotonia;hypermyotonias;hypertonia transient;hypertonias transient;transient hypertonia;transient hypertonias;hypertonia neonatal;hypertonias neonatal;neonatal hypertonia;neonatal hypertonias;hypertonia sphincter;hypertonias sphincter;sphincter hypertonia;sphincter hypertonias;hypertonia detrusor muscle;hypertonias detrusor muscle;hypertonia infantile;hypertonias infantile;infantile hypertonia;infantile hypertonias"
"d009123","muscle hypotonia","decreased muscle tone;muscle tone decreased;muscle tone poor;tone poor muscle;hypotonia;hypotony muscle;muscle hypotony;muscular hypotonia;hypotonia muscular;hypomyotonia;unilateral hypotonia;hypotonia unilateral;hypotonias unilateral;muscle tone atonic;muscle tone atonics;tone atonic muscle;neonatal hypotonia;hypotonia neonatal;hypotonias neonatal;neonatal hypotonias;flaccid muscle tone;muscle tone flaccid;muscular flaccidity;flaccidity muscular;muscular flaccidities;muscle flaccidity;flaccidity muscle;floppy muscles;floppy muscle;muscle floppy;muscles floppy"
"d018908","muscle weakness","weaknesses muscle;muscular weakness;muscular weaknesses;weakness muscular;weaknesses muscular"
"d055948","sarcopenia",""
"d009133","muscular atrophy","atrophies muscular;muscular atrophies;atrophy muscle;atrophies muscle;muscle atrophies;muscle atrophy;atrophies neurogenic muscular;atrophy neurogenic muscular;muscular atrophies neurogenic;neurogenic muscular atrophies;atrophies neurotrophic muscular;atrophy neurotrophic muscular;muscular atrophies neurotrophic;neurotrophic muscular atrophies"
"d020385","myokymia","kymatism;kymatisms;morvans chorea;chorea morvans;choreas morvans;morvans choreas;morvans chorea;morvans fibrillary chorea;chorea morvans fibrillary;fibrillary chorea morvans;morvan fibrillary chorea;morvans fibrillary chorea;fibrillary chorea;chorea fibrillary;choreas fibrillary;fibrillary choreas;morvan chorea;chorea morvan;choreas morvan;morvan choreas"
"d009222","myotonia","myotonic phenomenon;myotonic phenomenons;phenomenon myotonic;phenomenons myotonic"
"d019569","hemifacial spasm","spasms hemifacial;facial spasm unilateral;facial spasms unilateral;spasm unilateral facial;spasms unilateral facial;unilateral facial spasm;unilateral facial spasms;hemifacial myokymia;myokymia hemifacial"
"d014313","trismus","lockjaw;lock jaw;masseter muscle spasm;masseter muscle spasms;muscle spasm masseter;muscle spasms masseter;spasm masseter muscle;spasms masseter muscle;masseter spasm;masseter spasms;spasm masseter;spasms masseter"
"d013035","spasm",""
"d013746","tetany","tetanies;tetanilla;tetanillas;neonatal tetanies;tetanies neonatal;spasmophilia;spasmophilias"
"d020879","neuromuscular manifestations","manifestation neuromuscular;neuromuscular manifestation;signs and symptoms neuromuscular;neuromuscular signs and symptoms;muscle disease manifestations;disease manifestation muscle;disease manifestations muscle;manifestation muscle disease;muscle disease manifestation;manifestations muscle disease"
"d054971","orthostatic intolerance",""
"d055111","failed back surgery syndrome",""
"d017116","low back pain","back pains low;pains low back;lumbago;lower back pain;back pain lower;back pains lower;lower back pains;pain lower back;pains lower back;low back ache;ache low back;aches low back;back ache low;back aches low;low back aches;low backache;backache low;backaches low;low backaches"
"d001416","back pain","pains back;backache;backaches;back ache;ache back;aches back;back aches;vertebrogenic pain syndrome;pain syndrome vertebrogenic;pain syndromes vertebrogenic;syndrome vertebrogenic pain;syndromes vertebrogenic pain;vertebrogenic pain syndromes"
"d059390","breakthrough pain","pains breakthrough"
"d000072716","cancer pain","pains cancer;cancer-associated pain;cancer associated pain;cancer-associated pains;pain cancer-associated;pains cancer-associated;neoplasm-related pain;neoplasm related pain;neoplasm-related pains;pain neoplasm-related;pains neoplasm-related;oncological pain;oncological pains;pain oncological;pains oncological;tumor-related pain;pain tumor-related;pains tumor-related;tumor related pain;tumor-related pains;tumor-associated pain;pain tumor-associated;pains tumor-associated;tumor associated pain;tumor-associated pains;oncology pain;oncology pains;pain oncology;pains oncology;cancer-related pain;cancer related pain;cancer-related pains;pain cancer-related;pains cancer-related;neoplasm-associated pain;neoplasm associated pain;neoplasm-associated pains;pain neoplasm-associated;pains neoplasm-associated"
"d000788","angina pectoris variant","prinzmetals angina;angina prinzmetals;prinzmetals angina;prinzmetal angina;angina prinzmetal"
"d000789","angina unstable","anginas unstable;unstable anginas;angina pectoris unstable;angina pectori unstable;unstable angina pectori;unstable angina pectoris;angina at rest;angina preinfarction;anginas preinfarction;preinfarction angina;preinfarction anginas;myocardial preinfarction syndrome;myocardial preinfarction syndromes;preinfarction syndrome myocardial;preinfarction syndromes myocardial;syndrome myocardial preinfarction;syndromes myocardial preinfarction"
"d060050","angina stable","anginas stable;stable anginas;chronic stable angina;angina chronic stable;anginas chronic stable;chronic stable anginas;stable angina chronic;stable anginas chronic;angina pectoris stable;angina pectori stable;pectori stable angina;pectoris stable angina;stable angina pectori;stable angina pectoris"
"d000787","angina pectoris","stenocardia;stenocardias;angor pectoris"
"d002637","chest pain","pains chest;precordial catch syndrome;syndrome precordial catch;precordial catch;texidors twinge;texidor twinge"
"d059350","chronic pain","pains chronic;pain widespread chronic;pains widespread chronic"
"d004433","earache","otalgia;otalgias"
"d014098","toothache","odontalgia;odontalgias"
"d005157","facial pain","face pain;pain face;pain orofacial;pain neuralgic facial;pain craniofacial;pain myofacial"
"d021501","flank pain","pains flank;pain right flank;pains right flank;pain left flank;pains left flank"
"d005926","glossalgia","glossodynia;glossodynias;glossopyrosis;glossopyroses"
"d056124","slit ventricle syndrome","syndromes slit ventricle"
"d006261","headache","head pain;head pains;pain head;pains head;cephalodynia;cephalodynias;cranial pain;cranial pains;pain cranial;pains cranial;cephalalgia;cephalalgias;cephalgia;cephalgias;hemicrania"
"d048949","labor pain","obstetric pain;pain obstetric"
"d059373","mastodynia","mammalgia;mammalgias;breast pain;breast pains;pain breast;pains breast;mastalgia;mastalgias"
"d000070607","morton neuroma","mortons disease;disease mortons;morton disease;mortons disease;intermetatarsal neuroma;intermetatarsal neuromas;neuroma intermetatarsal;neuromas intermetatarsal;mortons neuralgia;morton neuralgia;mortons neuralgia;neuralgia mortons;mortons neuroma;mortons neuroma;neuroma mortons;mortons metatarsalgia;metatarsalgia mortons;morton metatarsalgia;mortons metatarsalgia"
"d037061","metatarsalgia",""
"d063806","myalgia","muscle pain;pain muscle;pains muscle;muscle soreness;muscle sorenesses;soreness muscle;muscle tenderness;tenderness muscle"
"d059388","pelvic girdle pain","girdle pains pelvic;pains pelvic girdle;symphysis pubis dysfunction;dysfunction symphysis pubis;dysfunctions symphysis pubis;pubis dysfunction symphysis;pubis dysfunctions symphysis;symphysis pubis dysfunctions"
"d059352","musculoskeletal pain","pains musculoskeletal"
"d019547","neck pain","pains neck;neck ache;ache neck;aches neck;neck aches;cervicalgia;cervicalgias;cervicodynia;cervicodynias;neckache;neckaches;cervical pain;cervical pains;pain cervical;pains cervical;posterior cervical pain;cervical pain posterior;cervical pains posterior;pain posterior cervical;pains posterior cervical;posterior cervical pains;pain posterior neck;pains posterior neck;anterior cervical pain;anterior cervical pains;cervical pain anterior;cervical pains anterior;pain anterior cervical;pains anterior cervical;pain anterior neck;pains anterior neck"
"d051474","neuralgia postherpetic",""
"d055958","piriformis muscle syndrome","muscle syndromes piriformis;syndromes piriformis muscle;piriformis syndrome;piriformis syndromes;syndrome piriformis;syndromes piriformis"
"d060545","pudendal neuralgia","neuralgias pudendal;pudendal neuropathy;neuropathies pudendal;neuropathy pudendal;pudendal neuropathies;pudendal nerve entrapment syndrome;pudendal nerve entrapment;entrapment pudendal nerve;entrapments pudendal nerve;nerve entrapment pudendal;nerve entrapments pudendal;pudendal nerve entrapments;pudendal canal entrapment syndrome"
"d012585","sciatica","sciatic neuralgia;neuralgia sciatic;neuralgias sciatic;sciatic neuralgias"
"d009437","neuralgia","neuropathic pain;neuropathic pains;pain neuropathic;pains neuropathic;neurodynia;neurodynias;paroxysmal nerve pain;nerve pain paroxysmal;nerve pains paroxysmal;pain paroxysmal nerve;pains paroxysmal nerve;paroxysmal nerve pains;nerve pain;nerve pains;pain nerve;pains nerve"
"d059265","visceral pain","pains visceral"
"d059226","nociceptive pain","pains nociceptive;tissue pain;pain tissue;pains tissue;tissue pains;somatic pain;pain somatic;pains somatic;somatic pains"
"d010148","pain intractable","intractable pains;pains intractable;refractory pain;pain refractory;pains refractory;refractory pains"
"d010149","pain postoperative","postoperative pains"
"d000073818","pain procedural",""
"d053591","pain referred","referred facial pain"
"d004412","dysmenorrhea","pain menstrual;menstrual pain;menstrual pains;pains menstrual;menstruation painful;menstruations painful;painful menstruation;painful menstruations"
"d017699","pelvic pain","pains pelvic"
"d056844","renal colic","colics renal;colic acute renal;colics acute renal;ureteral colic;colic ureteral;colics ureteral;ureteral colics"
"d000006","abdomen acute","abdomens acute;acute abdomens"
"d015746","abdominal pain","pains abdominal;colicky pain;colicky pains;pain colicky;pains colicky"
"d010146","pain","suffering physical;physical suffering;physical sufferings;sufferings physical;ache;aches"
"d020069","shoulder pain","pains shoulder"
"d018771","arthralgia","joint pain;joint pains;pain joint;pains joint"
"d059787","acute pain","pains acute"
"d005158","facial paralysis","paralyses facial;facial palsy;facial palsies;palsies facial;palsy facial;paralyses hemifacial;paralysis hemifacial;facial paresis;pareses facial;paresis facial;facial palsy lower motor neuron;lower motor neuron facial palsy;facial paralyses peripheral;paralysis peripheral facial;facial palsy upper motor neuron;upper motor neuron facial palsy;central facial paralyses;facial paralyses central;paralyses central facial;paralysis central facial"
"d018589","gastroparesis","gastropareses;gastric stasis;gastric stases;stases gastric;stasis gastric"
"d006429","hemiplegia","monoplegia;monoplegias"
"d007625","kearns-sayre syndrome","cpeo with myopathy;cpeo with myopathies;myopathies cpeo with;myopathy cpeo with;cpeo with ragged red fibers;cpeo with ragged-red fibers;kearn-sayre mitochondrial cytopathy;cytopathy kearn-sayre mitochondrial;kearn sayre mitochondrial cytopathy;mitochondrial cytopathy kearn-sayre;kearns sayre syndrome;sayre syndrome kearns;syndrome kearns sayre;kearns syndrome;syndrome kearns;kearns syndrome;kearn syndrome;syndrome kearns;kearns-sayre-shy-daroff syndrome;kearns sayre shy daroff syndrome;syndrome kearns-sayre-shy-daroff;oculocraniosomatic syndrome;oculocraniosomatic syndromes;syndrome oculocraniosomatic;ophthalmoplegia plus syndrome;ophthalmoplegia plus syndromes;syndrome ophthalmoplegia plus;ophthalmoplegia pigmentary degeneration of retina and cardiomyopathy;ophthalmoplegia progressive external with ragged-red fibers;ophthalmoplegia-plus syndrome;kearns-sayre mitochondrial cytopathy;chronic progressive external ophthalmoplegia with myopathy"
"d017246","ophthalmoplegia chronic progressive external","graefe disease;disease graefe;mitochondrial ocular myopathy;myopathy mitochondrial ocular;ocular myopathy mitochondrial;graefes disease;ocular myopathy of von graefe-fuchs;ocular myopathy of von graefe fuchs;ophthalmoplegia progressive external;external ophthalmoplegia progressive;progressive external ophthalmoplegia;cpeo;ocular muscular dystrophy;dystrophy ocular muscular;muscular dystrophies ocular;muscular dystrophy ocular;ocular muscular dystrophies"
"d060486","ophthalmoplegic migraine","migraines ophthalmoplegic;migraine syndrome ophthalmoplegic;migraine syndromes ophthalmoplegic"
"d013494","supranuclear palsy progressive","progressive supranuclear palsies;supranuclear palsies progressive;steele-richardson-olszewski disease;steele richardson olszewski disease;steele-richardson-olszewski syndrome;steele richardson olszewski syndrome;syndrome steele-richardson-olszewski;richardsons syndrome;richardson syndrome;syndrome richardsons;ophthalmoplegia progressive supranuclear;supranuclear ophthalmoplegia progressive;progressive supranuclear ophthalmoplegia"
"d009886","ophthalmoplegia","oculomotor paralysis;paralysis oculomotor;ophthalmoparesis;ophthalmopareses"
"d018437","brown-sequard syndrome","brown sequard syndrome;brown-sequards disease;brown sequards disease;brown-sequards disease;brown-sequards syndrome;brown sequards syndrome;brown-sequards syndrome;syndrome brown-sequards;hemiparaplegic syndrome;hemiparaplegic syndromes;syndrome hemiparaplegic;syndromes hemiparaplegic;hemispinal cord syndrome;hemispinal cord syndromes;syndrome hemispinal cord;syndromes hemispinal cord;hemicord syndrome;hemicord syndromes;syndrome hemicord;syndromes hemicord;brown-sequard disease;brown sequard disease;spastic spinal monoplegia syndrome;brown-sequards paralysis;brown sequards paralysis;brown-sequard paralysis;brown-sequards paralysis;paralysis brown-sequards"
"d010264","paraplegia","paralysis legs;paralysis lower limbs;paralysis lower extremities"
"d020828","pseudobulbar palsy","palsies pseudobulbar;pseudobulbar palsies;spastic bulbar palsy;bulbar palsies spastic;bulbar palsy spastic;palsies spastic bulbar;palsy spastic bulbar;spastic bulbar palsies;pseudobulbar paresis;pareses pseudobulbar;paresis pseudobulbar;pseudobulbar pareses;pseudobulbar syndrome;pseudobulbar syndromes;syndrome pseudobulbar;syndromes pseudobulbar;paralysis pseudobulbar;paralyses pseudobulbar;pseudobulbar paralyses;pseudobulbar paralysis;pseudobulbar mutism;mutism pseudobulbar;mutisms pseudobulbar;pseudobulbar mutisms;dysarthria pseudobulbar;dysarthrias pseudobulbar;pseudobulbar dysarthria;pseudobulbar dysarthrias"
"d000080422","locked-in syndrome","locked in syndrome;cerebromedullospinal disconnection;cerebromedullospinal disconnections;ventral pontine syndrome;ventral pontine syndromes"
"d011782","quadriplegia","tetraplegia;tetraplegias;spastic tetraplegia;spastic tetraplegias;tetraplegia spastic;tetraplegias spastic;quadriparesis;quadripareses;flaccid tetraplegia;flaccid tetraplegias;tetraplegia flaccid;tetraplegias flaccid;paralysis spinal quadriplegic"
"d012133","respiratory paralysis","paralysis respiratory muscle;muscle paralyses respiratory;muscle paralysis respiratory;respiratory muscle paralysis;diaphragmatic paralysis;paralysis diaphragmatic"
"d014826","vocal cord paralysis","paralyses vocal cord;vocal cord paralyses;vocal cord palsy;palsies vocal cord;palsy vocal cord;vocal cord palsies;vocal fold palsy;palsies vocal fold;palsy vocal fold;vocal fold palsies;bilateral vocal cord paresis;congenital vocal cord palsy;vocal cord palsy congenital;unilateral vocal cord paresis;laryngeal paralysis;laryngeal paralyses;paralyses laryngeal;paralysis laryngeal;paralysis unilateral vocal cord;paralysis vocal cord unilateral;unilateral paralysis vocal cord;partial paralysis paresis vocal cords;vocal cord paresis;pareses vocal cord;paresis vocal cord;vocal cord pareses;acquired vocal cord palsy;laryngeal nerve palsy recurrent;recurrent laryngeal nerve palsy"
"d010243","paralysis","paralyses;plegia;plegias;palsy;palsies"
"d020336","paraparesis spastic","parapareses spastic;spastic parapareses;spastic lower extremity weakness;lower extremity weakness spastic"
"d020335","paraparesis","parapareses"
"d010291","paresis","pareses;muscular pareses;pareses muscular;muscle pareses;pareses muscle;monopareses;extremity pareses lower;lower extremity pareses;pareses lower extremity;crural pareses;pareses crural;extremity pareses upper;pareses upper extremity;upper extremity pareses;brachial pareses;pareses brachial;hemipareses"
"d011602","psychophysiologic disorders","psychophysiologic disorder;psychosomatic disorders;psychosomatic disorder;psychophysiological disorders;psychophysiological disorder"
"d015875","anisocoria","pupil diameter unequal;pupillary size inequality;inequality pupillary size"
"d006732","horner syndrome","bernards syndrome;bernards syndrome;syndrome bernards;sympathetic ocular-ophthalmoplegia;ocular-ophthalmoplegia sympathetic;ocular-ophthalmoplegias sympathetic;sympathetic ocular-ophthalmoplegias;horners syndrome;horners syndrome;syndrome horners;oculosympathetic syndrome;oculosympathetic syndromes;syndrome oculosympathetic;syndromes oculosympathetic;ophthalmoplegia sympathetic ocular;ocular ophthalmoplegia sympathetic;ocular ophthalmoplegias sympathetic;ophthalmoplegias sympathetic ocular;sympathetic ocular ophthalmoplegia;sympathetic ocular ophthalmoplegias;bernard syndrome;bernard syndromes;syndrome bernard;syndromes bernard;syndrome claude bernard-horner;ptosis sympathetic;horners syndrome pupil;horners syndrome pupil;pupil horners syndrome;syndrome pupil horners;miosis innervational defect;syndrome acquired horner;syndrome central horner"
"d015877","miosis","mioses;small pupil;pupil small;pupils small;small pupils;mioses pupillary;pupillary mioses;constricted pupil;constricted pupils;pupil constricted;pupils constricted;mioses persistent;persistent mioses"
"d015845","tonic pupil","pupils tonic;adie pupil;pupil adie;pupillotonia;pupillotonias;adies pupil;adies pupil;pupil adies;pupils adies;pupil myotonic;pupils myotonic;pupil neuropathic tonic;pupils neuropathic tonic;pupil local tonic;pupils local tonic"
"d011681","pupil disorders","pupil disorder;pupillary disorders;pupillary disorder;pupil reaction absent;reaction absent pupil;reaction absents pupil;pupillary sector paralysis;paralyses pupillary sector;paralysis pupillary sector;pupillary sector paralyses;sector paralyses pupillary;sector paralysis pupillary;sector pupil palsy;pupillary sphincter rupture;pupillary sphincter ruptures;rupture pupillary sphincter;ruptures pupillary sphincter;sphincter rupture pupillary;sphincter ruptures pupillary;wernicke hemianopic pupil;hemianopic pupil wernicke;pupil wernicke hemianopic;wernickes hemianopic pupil;hemianopic pupil wernickes;pupil wernickes hemianopic;wernickes hemianopic pupil;afferent pupillary defect;afferent pupillary defects;pupillary defect afferent;pupillary defects afferent;marcus-gunn pupil;marcus gunn pupil;pupil marcus-gunn;deformed pupil;deformed pupils;pupil deformed;pupils deformed;ectopic pupil;ectopic pupils;pupil ectopic;pupils ectopic;efferent pupillary defect;efferent pupillary defects;pupillary defect efferent;pupillary defects efferent;fixed pupils;fixed pupil;pupil fixed;pupils fixed;keyhole pupil;keyhole pupils;pupil keyhole;pupils keyhole;non-syphilitic argyll-robertson pupil;argyll-robertson pupil non-syphilitic;non syphilitic argyll robertson pupil;pupil non-syphilitic argyll-robertson;occluded pupils;occluded pupil;pupil occluded;pupils occluded;pupillary occlusion;occlusion pupillary;occlusions pupillary;pupillary occlusions;pupil malformations;malformation pupil;malformations pupil;pupil malformation;pupillary anomaly;anomalies pupillary;anomaly pupillary;pupillary anomalies;pupillary functions abnormal;abnormal pupillary function;abnormal pupillary functions;pupillary function abnormal;pupillary paralysis;paralyses pupillary;paralysis pupillary;pupillary paralyses"
"d012021","reflex abnormal","reflexes abnormal;abnormal reflexes;reflex triceps absent;reflex ankle decreased;reflex biceps abnormal;reflex biceps absent;reflex biceps decreased;reflex anal decreased;reflex ankle abnormal;abnormal deep tendon reflex;reflex deep tendon abnormal;bulbocavernosus reflex decreased;decreased bulbocavernosus reflex;reflex decreased bulbocavernosus;bulbocavernousus reflex absent;reflex absent bulbocavernousus;hoffmans reflex;reflex hoffmans;hyperreflexia;hyporeflexia;reflex decreased;decreased reflex;palmo-mental reflex;palmo mental reflex;reflex palmo-mental;reflex absent;absent reflex;reflex acoustic abnormal;reflex anal absent;reflex corneal absent;reflex corneal decreased;reflex deep tendon absent;reflex gag absent;reflex gag decreased;reflex knee abnormal;reflex knee decreased;reflex moro asymmetric;reflex pendular;pendular reflex;reflex triceps abnormal;reflex triceps decreased;reflex ankle absent"
"d020270","alcohol withdrawal seizures","alcohol withdrawal seizure;seizure alcohol withdrawal;alcohol-related seizures;alcohol related seizures;alcohol-related seizure;seizure alcohol-related;seizures alcohol-related;alcohol withdrawal-induced seizure;alcohol withdrawal induced seizure;alcohol withdrawal-induced seizures;seizure alcohol withdrawal-induced;seizures alcohol withdrawal-induced;withdrawal-induced seizure alcohol;withdrawal-induced seizures alcohol;seizures alcoholic;alcoholic seizure;alcoholic seizures;seizure alcoholic;alcohol withdrawal-induced major motor seizure;alcohol withdrawal induced major motor seizure;major motor seizure alcohol withdrawal-induced;status epilepticus alcohol withdrawal-induced;status epilepticus alcohol withdrawal induced;alcohol withdrawal-induced status epilepticus;alcohol withdrawal induced status epilepticus"
"d003294","seizures febrile","febrile seizure;seizure febrile;pyrexial seizure;pyrexial seizures;seizure pyrexial;seizures pyrexial;pyrexial convulsion;convulsion pyrexial;convulsions pyrexial;pyrexial convulsions;febrile fit;febrile fits;fit febrile;fits febrile;fever convulsion;convulsion fever;convulsions fever;fever convulsions;fever seizure;fever seizures;seizure fever;seizures fever;convulsions febrile;convulsion febrile;febrile convulsion;febrile convulsions;febrile convulsion seizure;febrile convulsion seizures;seizure febrile convulsion;seizure febrile simple;seizure febrile complex"
"d017036","epilepsia partialis continua","kojewnikows syndrome;kojewnikovs epilepsy;epilepsy kojewnikovs;kojewnikov epilepsy;kozhevnikov syndrome;kojevnikovs epilepsy;epilepsies kojevnikovs;epilepsy kojevnikovs;kojevnikov epilepsy;kojevnikovs epilepsies;kozhevnikovs syndrome;kojewnikow syndrome;kozhevnikow syndrome progressive variant;progressive variant of kozhevnikow syndrome"
"d013226","status epilepticus","petit mal status;status petit mal;absence status;status absence"
"d012640","seizures","seizure;complex partial seizure;partial seizure complex;seizure complex partial;seizure tonic-clonic;tonic-clonic seizure;clonic seizure;seizure clonic;seizure tonic;tonic seizure;atonic seizure;seizure atonic;absence seizure atonic;atonic absence seizure;seizure atonic absence;myoclonic seizure;seizure myoclonic;epileptic seizure;seizure epileptic;seizure sensory;sensory seizure;absence seizure;seizure absence;petit mal convulsion;convulsion petit mal;convulsions;convulsion;convulsive seizure;seizure convulsive;motor seizure;seizure motor;jacksonian seizure;seizure jacksonian;auditory seizure;seizure auditory;focal seizure;seizure focal;partial seizure;seizure partial;generalized seizure;seizure generalized;gustatory seizure;seizure gustatory;olfactory seizure;seizure olfactory;convulsion non-epileptic;convulsion non epileptic;convulsions non-epileptic;non-epileptic convulsion;non-epileptic convulsions;seizure somatosensory;somatosensory seizure;seizure vertiginous;vertiginous seizure;seizure vestibular;vestibular seizure;seizure visual;visual seizure;nonepileptic seizure;seizure nonepileptic;non-epileptic seizure;seizure non-epileptic;generalized tonic-clonic seizure;seizure generalized tonic-clonic;tonic-clonic seizure generalized;generalised tonic-clonic seizure;seizure generalised tonic-clonic;tonic-clonic seizure generalised;single seizure;seizure single;absence seizure generalized;generalized absence seizure;seizure generalized absence"
"d004244","dizziness","dizzyness;orthostasis;lightheadedness;light-headedness;light headedness"
"d054062","deaf-blind disorders","deaf blind disorders;deaf-blind disorder;disorder deaf-blind;blindness-deafness;blindness deafness;vision and hearing loss;deafness-blindness;deafness blindness;hearing and vision loss;blind-deaf disorders;blind deaf disorders;blind-deaf disorder;disorder blind-deaf;disorders blind-deaf;deaf-blindness disorders;deaf blindness disorders;deaf-blindness disorder;disorder deaf-blindness;disorders deaf-blindness;prelingual deafness-blindness;deafness-blindness prelingual;deafness-blindnesses prelingual;prelingual deafness blindness;prelingual deafness-blindnesses;deaf-mutism-blind disorders;deaf mutism blind disorders;deaf-mutism-blind disorder;disorder deaf-mutism-blind;disorders deaf-mutism-blind;deaf-blind disorder prelingual;disorder prelingual deaf-blind;disorders prelingual deaf-blind;prelingual deaf blind disorders;prelingual deaf-blind disorder;deaf-blind syndromes;deaf blind syndromes;deaf-blind syndrome;syndrome deaf-blind;syndromes deaf-blind"
"d003638","deafness","hearing loss complete;complete hearing loss;hearing loss extreme;extreme hearing loss;hearing loss permanent;permanent hearing loss;deaf mutism;deaf-mutism"
"d006312","hearing loss bilateral","bilateral hearing losses;bilateral deafness;deafness bilateral;deafness bilateral;bilateral deafness;bilaterals deafness;deafness bilaterals"
"d006314","hearing loss conductive",""
"d006315","hearing loss functional","hearing loss psychogenic;psychogenic hearing loss;hearing loss nonorganic;nonorganic hearing loss"
"d006316","hearing loss high-frequency","hearing loss high frequency"
"d046089","hearing loss mixed conductive-sensorineural","hearing loss mixed conductive sensorineural;mixed hearing loss;hearing loss mixed;loss mixed hearing;losses mixed hearing"
"d006313","hearing loss central","deafness neurosensory;deafness neurosensories;neurosensory deafness;cortical deafness;deafness cortical"
"d006317","hearing loss noise-induced","hearing loss noise induced;acoustic trauma"
"d011304","presbycusis","presbycuses"
"d052245","usher syndromes","syndrome usher;usher syndrome;ushers syndrome;syndrome ushers;ushers syndrome;dystrophia retinae pigmentosa-dysostosis syndrome;dystrophia retinae pigmentosa dysostosis syndrome;graefe-usher syndrome;graefe usher syndrome;syndrome graefe-usher;hallgren syndrome;syndrome hallgren;retinitis pigmentosa-deafness syndrome;retinitis pigmentosa deafness syndrome;retinitis pigmentosa-deafness syndromes;syndrome retinitis pigmentosa-deafness;syndromes retinitis pigmentosa-deafness;deafness-retinitis pigmentosa syndrome;deafness retinitis pigmentosa syndrome;deafness-retinitis pigmentosa syndromes;pigmentosa syndromes deafness-retinitis;syndrome deafness-retinitis pigmentosa;syndromes deafness-retinitis pigmentosa;usher syndrome type iii;usher syndrome type 3;usher syndrome type i;usher syndrome type 1a;retinitis pigmentosa and congenital deafness;usher syndrome type 1;usher syndrome type i french variety;usher syndrome type ii;usher syndrome type iid"
"d006319","hearing loss sensorineural","hearing loss cochlear;cochlear hearing loss"
"d003639","hearing loss sudden","deafness sudden;sudden deafness"
"d046088","hearing loss unilateral","deafness unilateral;unilateral deafness;deafness unilateral;unilateral deafness"
"d034381","hearing loss","hypoacusis;hypoacuses;hearing impairment;deafness transitory;deafnesses transitory;transitory deafness;transitory deafnesses;loss transitory hearing"
"d012001","hyperacusis","hyperacuses;loudness recruitment;loudness recruitments;hyperacusia;hyperacusias;loudness perception disturbances;disturbance loudness perception;disturbances loudness perception;loudness perception disturbance;perception disturbance loudness;perception disturbances loudness;recruitment loudness;phonophobia;phonophobias;auditory hyperesthesia;auditory hyperesthesias;hyperesthesia auditory;hyperesthesias auditory"
"d014012","tinnitus",""
"d006311","hearing disorders","hearing disorder;dysacusis;paracousis;paracusis;distorted hearing;hearing distorted"
"d000857","olfaction disorders","olfaction disorder;smell disorders;smell disorder;cacosmia;cacosmias;dysosmia;dysosmias;paraosmia;paraosmias;anosmia"
"d006930","hyperalgesia","hyperalgesic sensations;mechanical allodynia;allodynias mechanical;allodynia mechanical;tactile allodynia;allodynias tactile;allodynia tactile;allodynia;thermal allodynia;allodynia thermal;allodynias thermal"
"d006941","hyperesthesia","oxyesthesia;oxyesthesias;hyperesthetic sensations;hyperesthetic sensation;sensation hyperesthetic;sensations hyperesthetic"
"d006987","hypesthesia","hypoesthesia;hypoesthesias;numbness;reduced sensation;reduced sensations;sensation reduced;sensations reduced;impaired sensation;impaired sensations;sensation impaired;sensations impaired"
"d010292","paresthesia","dysesthesia;dysesthesias;formication;formications"
"d020886","somatosensory disorders","somatosensory disorder;somatic sensation disorders;sensation disorder somatic;sensation disorders somatic;somatic sensation disorder;pain sensation diminished;diminished pain sensation;diminisheds pain sensation;pain sensation diminisheds;sensation diminished pain;sensation diminisheds pain;thermal sensation disorders;sensation disorder thermal;sensation disorders thermal;thermal sensation disorder;position sense disorders;position sense disorder;sense disorder position;sense disorders position;proprioceptive disorders;proprioceptive disorder;impairment light touch sensation;light touch sensation impairment;pinprick sensation diminished;diminished pinprick sensation;diminisheds pinprick sensation;pinprick sensation diminisheds;sensation diminished pinprick;sensation diminisheds pinprick"
"d000370","ageusia","hypogeusia;hypogeusias;taste-blindness;taste blindness"
"d004408","dysgeusia","taste distorted;distorted taste;taste altered;altered taste;parageusia;parageusias"
"d013651","taste disorders","taste disorder;taste disorder posterior tongue;taste disorder primary;primary taste disorder;taste disorder primary bitter;taste metallic;metallic taste;metallic tastes;tastes metallic;taste disorder primary sweet;taste disorder secondary;secondary taste disorder;taste disorder secondary bitter;taste disorder secondary salt;taste disorder secondary sweet;taste disorder anterior tongue;taste disorder primary salt"
"d020757","amaurosis fugax","monocular blindness transient;blindness transient monocular;transient monocular blindness;blindness monocular transient"
"d019575","blindness cortical","anton syndrome;syndrome anton;transient antons syndrome;antons syndrome transient;syndrome transient antons;transient anton syndrome;transient antons syndrome;psychic denial of blindness;reversible cortical blindness;blindness reversible cortical;blindnesses reversible cortical;cortical blindness reversible;cortical blindnesses reversible;reversible cortical blindnesses;antons syndrome;antons syndrome;syndrome antons;anton-babinski syndrome;anton babinski syndrome;syndrome anton-babinski"
"d001766","blindness","amaurosis;amauroses;sudden visual loss;sudden visual losses;visual loss sudden;visual loss sudden;sudden visual loss;visual loss suddens"
"d003117","color vision defects","color vision defect;defect color vision;vision defect color;color vision deficiency;color vision deficiencies;deficiencies color vision;deficiency color vision;vision deficiencies color;vision deficiency color;color blindness;blindness color;color blindness acquired;acquired color blindness;monochromatopsia;color blindness green;green color blindness;color blindness inherited;inherited color blindness;color blindness red;red color blindness;protan defect;color blindness red-green;color blindness red green;red-green color blindness;deutan defect;defect deutan;achromatopsia;achromatopsias;color blindness blue;blue color blindness;tritan defect"
"d004172","diplopia","double vision;vision double;polyopsia;polyopsias"
"d006423","hemianopsia","hemianopia;hemianopias;quadrantanopsia;quadrantanopsias;quadrantanopia;quadrantanopias;bitemporal hemianopia;bitemporal hemianopias;hemianopia bitemporal;hemianopias bitemporal;homonymous hemianopia;hemianopia homonymous;hemianopias homonymous;homonymous hemianopias;altidudinal hemianopia;altidudinal hemianopias;hemianopia altidudinal;hemianopias altidudinal;binasal hemianopia;binasal hemianopias;hemianopia binasal;hemianopias binasal"
"d020795","photophobia","light sensitivity;light sensitivities;sensitivities light;sensitivity light"
"d012607","scotoma",""
"d015354","vision low","vision reduced;reduced vision;vision subnormal;subnormal vision;vision diminished;diminished vision"
"d000550","amblyopia","lazy eye;eye lazy;eyes lazy;lazy eyes"
"d014786","vision disorders","vision disorder;visual disorders;disorder visual;disorders visual;visual disorder;macropsia;macropsias;visual impairment;impairment visual;impairments visual;visual impairments;micropsia;micropsias;vision disability;disabilities vision;disability vision;vision disabilities;hemeralopia;hemeralopias;day blindness;blindness day;metamorphopsia;metamorphopsias"
"d012678","sensation disorders","sensation disorder;special senses disorders;senses disorder special;senses disorders special;special senses disorder;sensory disorders;sensory disorder"
"d012892","sleep deprivation","deprivations sleep;deprivation rem sleep;deprivations rem sleep;sleep fragmentation;fragmentation sleep;fragmentations sleep;sleep fragmentations;insufficient sleep syndrome;insufficient sleep syndromes;syndrome insufficient sleep;syndromes insufficient sleep"
"d012893","sleep wake disorders","disorder sleep wake;sleep wake disorder;wake disorder sleep;subwakefullness syndrome;subwakefullness syndromes;syndrome subwakefullness;syndromes subwakefullness;sleep disorders;disorder sleep;disorders sleep;sleep disorder;sleep-related neurogenic tachypnea;neurogenic tachypnea sleep-related;neurogenic tachypneas sleep-related;sleep related neurogenic tachypnea;sleep-related neurogenic tachypneas;tachypnea sleep-related neurogenic;tachypneas sleep-related neurogenic;long sleeper syndrome;long sleeper syndromes;sleeper syndrome long;sleeper syndromes long;syndrome long sleeper;syndromes long sleeper;short sleeper syndrome;short sleeper syndromes;sleeper syndrome short;sleeper syndromes short;syndrome short sleeper;syndromes short sleeper;short sleep phenotype;phenotype short sleep;phenotypes short sleep;short sleep phenotypes;sleep phenotypes short"
"d001750","urinary bladder neurogenic","bladder neurogenic;neurogenic bladder;neurogenic dysfunction of the urinary bladder;neurogenic urinary bladder disorder;neuropathic bladder;urinary bladder disorder neurogenic;bladder disorder neurogenic;neurogenic bladder disorders;neurogenic bladder disorder;urinary bladder neurogenesis;neurogenesis urinary bladder;bladder neurogenesis;neurogenesis bladder;neurogenic urinary bladder atonic;neurogenic bladder atonic;atonic neurogenic bladder;neurogenic urinary bladder spastic;neurogenic bladder spastic;spastic neurogenic bladder;neurogenic urinary bladder uninhibited;neurogenic bladder uninhibited;uninhibited neurogenic bladder"
"d065635","benign paroxysmal positional vertigo","vestibulopathy familial;familial vestibulopathies;vestibulopathies familial;familial vestibulopathy;familial benign recurrent vertigo;vertigo benign recurrent;benign recurrent vertigos;recurrent vertigo benign;recurrent vertigos benign;benign recurrent vertigo"
"d014717","vertigo","spinning sensation;sensation spinning;sensations spinning;spinning sensations"
"d001044","aphonia","absence of voice;voice absence;voice absences"
"d055154","dysphonia","phonation disorders;phonation disorder"
"d006685","hoarseness",""
"d014832","voice disorders","voice disorder;voice disturbance;disturbance voice;disturbances voice;voice disturbances;voice fatigue;fatigue voice;fatigues voice;voice fatigues;voice disorder neurologic;neurologic voice disorder"
"d000071699","bilateral vestibulopathy","bilateral vestibular deficiency;vestibular deficiency bilateral;bilateral vestibular insufficiency;vestibular insufficiency bilateral;vestibular areflexia;bilateral vestibular loss;vestibular loss bilateral"
"d009461","neurologic manifestations","manifestation neurologic;neurological manifestations;neurologic manifestation;neurologic signs and symptoms;manifestations neurological;manifestation neurological;neurological manifestation;neurologic deficits;deficit neurologic;deficits neurologic;neurologic deficit;neurologic symptoms;neurologic symptom;symptom neurologic;symptoms neurologic;neurologic findings;finding neurologic;findings neurologic;neurologic finding;neurologic signs;neurologic sign;sign neurologic;signs neurologic;focal neurologic deficits;deficit focal neurologic;deficits focal neurologic;focal neurologic deficit;neurologic deficit focal;neurologic deficits focal;neurologic dysfunction;dysfunction neurologic;dysfunctions neurologic;neurologic dysfunctions"
"d006472","oral hemorrhage",""
"d009912","oral manifestations","manifestation oral;oral manifestation"
"d059607","polydipsia psychogenic","polydipsias psychogenic;psychogenic polydipsias;polydipsia primary;polydipsias primary;primary polydipsia;primary polydipsias"
"d059606","polydipsia",""
"d062706","prodromal symptoms","prodromal symptom;symptom prodromal;prodromal syndromes;prodromal syndrome;syndrome prodromal;syndromes prodromal;prodromal characteristics;characteristic prodromal;characteristics prodromal;prodromal characteristic;prodromal signs;prodromal sign;sign prodromal;signs prodromal;prodromal states;prodromal state;state prodromal;states prodromal;prodromal period;period prodromal;periods prodromal;prodromal periods;prodromal stage;prodromal stages;stage prodromal;stages prodromal"
"d019591","pseudophakia",""
"d045262","reticulocytosis","reticulocytoses"
"d000855","anorexia",""
"d000079689","opioid-induced constipation","constipations opioid-induced;opioid induced constipation;opiate-induced constipation;constipation opiate-induced;constipations opiate-induced;opiate induced constipation;opiate-induced constipations;narcotic bowel syndrome;bowel syndrome narcotic;bowel syndromes narcotic;narcotic bowel syndromes;syndrome narcotic bowel;syndromes narcotic bowel"
"d003248","constipation","dyschezia;colonic inertia"
"d003968","diarrhea infantile","diarrheas infantile;infantile diarrheas"
"d003967","diarrhea",""
"d004415","dyspepsia","indigestion;indigestions"
"d004688","encopresis",""
"d004884","eructation","belching;belchings"
"d005414","flatulence","flatus"
"d000073923","food intolerance","food sensitivity"
"d005683","gagging","reflex pharyngeal;pharyngeal reflex"
"d006209","halitosis","halitoses"
"d006356","heartburn","pyrosis;pyroses"
"d006606","hiccup","hiccough;hiccoughs"
"d002032","bulimia","binge eating;eating binge"
"d006963","hyperphagia","overeating;polyphagia;polyphagias"
"d020250","postoperative nausea and vomiting","ponv;vomiting postoperative;postoperative emesis;postoperative vomiting;emesis postoperative;emeses postoperative;postoperative emeses;postoperative nausea;nausea postoperative"
"d009325","nausea",""
"d010842","pica","allotriophagy;geophagia"
"d006396","hematemesis","hematemeses"
"d006939","hyperemesis gravidarum","pernicious vomiting of pregnancy;pregnancy pernicious vomiting"
"d048968","morning sickness",""
"d014839","vomiting","emesis"
"d014840","vomiting anticipatory",""
"d000334","aerophagy","air swallowing;swallowing air"
"d012817","signs and symptoms digestive",""
"d001049","apnea",""
"d002639","cheyne-stokes respiration","cheyne stokes respiration"
"d003371","cough",""
"d004418","dyspnea paroxysmal","dyspneas paroxysmal;paroxysmal dyspneas;asthma cardiac"
"d004417","dyspnea","shortness of breath;breath shortness;breath shortnesses;breathlessness;breathlessnesses"
"d006469","hemoptysis","hemoptyses"
"d006935","hypercapnia",""
"d018496","hyperoxia",""
"d006985","hyperventilation",""
"d016857","hypocapnia",""
"d007040","hypoventilation",""
"d009058","mouth breathing","breathings mouth"
"d012913","snoring",""
"d012135","respiratory sounds","respiratory sound;sound respiratory;breathing sounds;breathing sound;sound breathing;sounds breathing;lung sounds;lung sound;sound lung;sounds lung;stridor;stridors;rales;rale;crackles;crackle;pleural rub;pleural rubs;rub pleural;rhonchi;rhonchus;wheezing;wheezings"
"d012912","sneezing",""
"d059245","transient tachypnea of the newborn","transient tachypnea of newborn;newborn transient tachypnea;newborn transient tachypneas"
"d059246","tachypnea",""
"d005311","fetal hypoxia","fetal anoxia;anoxia fetal"
"d000860","hypoxia","oxygen deficiency;deficiency oxygen;deficiencies oxygen;oxygen deficiencies;hypoxemia;anoxia;anoxemia"
"d004844","epistaxis","nasal bleeding;bleeding nasal;bleedings nasal;nasal bleedings;nose bleed;nose bleeds;nosebleeds;nosebleed"
"d012818","signs and symptoms respiratory",""
"d019080","cafe-au-lait spots","cafe au lait spots;cafe-au-lait spot;spot cafe-au-lait"
"d000071697","cellulite",""
"d004438","ecchymosis","ecchymoses"
"d004890","erythema",""
"d005483","flushing",""
"d041781","jaundice obstructive","jaundice mechanical;mechanical jaundice;jaundice cholestatic;cholestatic jaundice"
"d007565","jaundice","icterus"
"d054068","livedo reticularis",""
"d058568","necrolytic migratory erythema","erythemas necrolytic migratory;migratory erythemas necrolytic;pseudoglucagonoma syndrome;pseudoglucagonoma syndromes;syndrome pseudoglucagonoma;syndromes pseudoglucagonoma"
"d010167","pallor",""
"d014008","tinea pedis","athletes foot;athlete foot;athletes foot"
"d011537","pruritus","pruritis;itching"
"d055665","purpura fulminans",""
"d011694","purpura hyperglobulinemic","hyperglobulinemic purpuras;purpuras hyperglobulinemic;waldenstrom hyperglobulinemic purpura;hyperglobulinemic purpura waldenstrom;purpura waldenstrom hyperglobulinemic;hyperglobulinemic purpura of waldenstrm;waldenstrm hyperglobulinemic purpura;benign hyperglobulinemic purpura of waldenstrm;hypergammaglobulinemic purpura of waldenstrom;waldenstrom hypergammaglobulinemic purpura"
"d011695","purpura schoenlein-henoch","purpura schoenlein henoch;anaphylactoid purpura;purpura anaphylactoid;henoch purpura;purpura henoch;purpura schonlein-henoch;purpura schonlein henoch;purpuras schonlein-henoch;schonlein-henoch purpura;schonlein-henoch purpuras;schoenlein henoch purpura;henoch-schonlein purpura;henoch-schonlein purpuras;purpura henoch-schonlein;purpuras henoch-schonlein;henoch schonlein purpura;henoch schonlein purpuras;purpura henoch schonlein;purpuras henoch schonlein;schonlein purpura henoch;schonlein purpuras henoch;allergic purpura;purpura allergic;henoch-schoenlein purpura;henoch schoenlein purpura;purpura henoch-schoenlein;vasculitis hemorrhagic;hemorrhagic vasculitis;rheumatoid purpura;purpura rheumatoid;purpura hemorrhagica;hemorrhagica purpura;purpura nonthrombocytopenic;nonthrombocytopenic purpura;purpura nonthrombopenic;nonthrombopenic purpura;nonthrombopenic purpuras;purpuras nonthrombopenic"
"d016553","purpura thrombocytopenic idiopathic","idiopathic thrombocytopenic purpuras;purpuras idiopathic thrombocytopenic;thrombocytopenic purpuras idiopathic;immune thrombocytopenic purpura;immune thrombocytopenic purpuras;purpura immune thrombocytopenic;purpuras immune thrombocytopenic;thrombocytopenic purpura immune;thrombocytopenic purpuras immune;immune thrombocytopenia;immune thrombocytopenias;thrombocytopenia immune;thrombocytopenias immune;thrombocytopenic purpura autoimmune;werlhof disease;disease werlhof;werlhofs disease;disease werlhofs;werlhofs disease;autoimmune thrombocytopenia;autoimmune thrombocytopenias;thrombocytopenia autoimmune;thrombocytopenias autoimmune;autoimmune thrombocytopenic purpura;autoimmune thrombocytopenic purpuras;purpura autoimmune thrombocytopenic;purpuras autoimmune thrombocytopenic;purpura thrombocytopenic autoimmune"
"d011697","purpura thrombotic thrombocytopenic","purpura thrombotic thrombopenic;thrombopenic purpura thrombotic;thrombotic thrombopenic purpura;moschcowitz disease;moschkowitz disease;congenital thrombotic thrombocytopenic purpura;schulman-upshaw syndrome;schulman upshaw syndrome;upshaw-schulman syndrome;upshaw schulman syndrome;thrombotic thrombocytopenic purpura congenital;upshaw factor deficiency of;microangiopathic hemolytic anemia congenital;thrombotic microangiopathy familial;familial thrombotic microangiopathy;microangiopathy familial thrombotic;familial thrombotic thrombocytopenic purpura;thrombotic thrombocytopenic purpura familial;familial thrombotic thrombocytopenia purpura"
"d011696","purpura thrombocytopenic","purpuras thrombocytopenic;thrombocytopenic purpuras;purpura thrombopenic;purpuras thrombopenic;thrombopenic purpura;thrombopenic purpuras"
"d014884","waterhouse-friderichsen syndrome","waterhouse friderichsen syndrome;waterhouse-friederichsen syndrome;waterhouse friederichsen syndrome;meningococcal waterhouse friderichsen syndrome;syndrome meningococcal waterhouse-friderichsen;fulminant meningococcal sepsis with adrenal apoplexy;meningococcal hemorrhagic adrenalitis;adrenalitides meningococcal hemorrhagic;adrenalitis meningococcal hemorrhagic;hemorrhagic adrenalitides meningococcal;hemorrhagic adrenalitis meningococcal;meningococcal hemorrhagic adrenalitides"
"d011693","purpura","petechiae"
"d057896","striae distensae","stretch marks;mark stretch;marks stretch;stretch mark"
"d012877","skin manifestations","manifestation skin;skin manifestation"
"d000077260","sleepiness","somnolence"
"d020179","jet lag syndrome","time zone change syndrome;time zone syndrome;time zone syndromes;jet lag;jet lags;lag jet;lags jet"
"d000076082","travel-related illness","illnesses travel-related;travel related illness;travel-related health problems;health problem travel-related;health problems travel-related;problem travel-related health;problems travel-related health;travel related health problems;travel-related health problem;travel-related disease;disease travel-related;diseases travel-related;travel related disease;travel-related diseases;travel sickness;sickness travel;sicknesses travel;travel sicknesses;travel-associated infections;infection travel-associated;infections travel-associated;travel associated infections;travel-associated infection;travel-related infections;infection travel-related;infections travel-related;travel related infections;travel-related infection;travel-related infectious diseases;disease travel-related infectious;diseases travel-related infectious;infectious disease travel-related;infectious diseases travel-related;travel related infectious diseases;travel-related infectious disease;travel-associated infectious diseases;disease travel-associated infectious;diseases travel-associated infectious;infectious disease travel-associated;infectious diseases travel-associated;travel associated infectious diseases;travel-associated infectious disease;travel-related sickness;sickness travel-related;sicknesses travel-related;travel related sickness;travel-related sicknesses"
"d053565","hypercalciuria",""
"d053159","dysuria",""
"d053158","nocturia","nycturia"
"d053448","prostatism",""
"d053201","urinary bladder overactive","overactive bladder;bladder overactive;overactive detrusor;detrusor overactive;overactive detrusor function;detrusor function overactive"
"d000077295","urinary bladder underactive","underactive bladder;detrusor underactivity;underactivity detrusor;bladder underactive;underactive bladders;underactive urinary bladders;underactive detrusor;detrusor underactive;underactive detrusors;underactive detrusor function;detrusor function underactive;underactive detrusor functions;hypotonic bladder;bladder hypotonic;hypotonic bladders"
"d014550","urinary incontinence stress",""
"d053202","urinary incontinence urge","urinary reflex incontinence;incontinence urinary reflex;urge incontinence;incontinence urge"
"d014549","urinary incontinence",""
"d059411","lower urinary tract symptoms",""
"d009846","oliguria",""
"d011141","polyuria",""
"d000419","albuminuria",""
"d006456","hemoglobinuria",""
"d011507","proteinuria",""
"d053584","urinoma",""
"d020924","urological manifestations","manifestation urological;urological manifestation"
"d006628","hirsutism",""
"d014770","virilism","virilization;androgenization"
"d001247","asthenia",""
"d012816","signs and symptoms",""
"d019588","aging premature",""
