"meshID","name","terms"
"d028483","abelmoschus","abelmoschus esculentus","okra"
"d028202","abies","aby","fir tree","abies balsamea","fir balsam"
"d029912","abrus","abrus precatorius","bean plant precatory"
"d000045","acacia","wattle tree","locust tree","acacia catechu"
"d065815","acalypha","acalypha indica","kuppaimeni","acalypha wilkesiana","chenille plant","acalypha hispida","acalypha alnifolia","acalypha manniana"
"d027901","acanthaceae","thunbergia","hypoestes","ruellia","acanthus","hygrophila"
"d031002","acer","maple","acer negundo","box elder","acer saccharum","sugar maple"
"d031001","aceraceae",
"d031162","achillea","yarrow","achillea millefolium"
"d029044","achyranthes",
"d036921","achyrocline","marcela"
"d031841","aconitum","aconite","radix aconiti","aconitus radix","aconitum napellus","monkshood"
"d029022","acoraceae",
"d029023","acorus","sweet flag","flagroot","sweetflag","acorus calamus","sedge sweet","acorus gramineus","calamus root"
"d031842","actaea","baneberry","baneberries","bugbane"
"d029042","actinidia","kiwi plant","actinidia deliciosa"
"d029041","actinidiaceae",
"d035162","adansonia","baobab"
"d035681","adiantum",
"d031843","adonis","oxeye daisy","daisies oxeye"
"d031003","adoxaceae","adoxa","muskroot"
"d000078065","aegilops",
"d045471","aegle","aegle marmelo","crateva marmelo"
"d031319","aesculus","buckeyes","horse chestnut","aesculus hippocastanum","common horse chestnut","chestnut red"
"d000363","agaricales","mushroom","agaricaceae"
"d000364","agaricus",
"d031327","agastache","hyssop giant"
"d027882","agave","maguey","century plant"
"d036603","ageratina","ageratina adenophora","eupatorium adenophorum"
"d031163","ageratum",
"d031602","aglaia",
"d031981","agrimonia","agrimony","agrimonies","agrimonia pilosa","agrimonia eupatoria"
"d055362","agrocybe",
"d031702","agropyron",
"d031242","agrostemma","corncockle"
"d031703","agrostis","bentgrass","bentgrasses"
"d032268","ailanthus","ailanthus altissima","china sumac","tree of heaven"
"d035722","aizoaceae","tetragonia","sesuvium","trianthema"
"d031328","ajuga","bugle"
"d032604","alangiaceae","alangium"
"d031289","albizzia","silktree","albizia"
"d031982","alchemilla","lady mantle"
"d031284","aleurites","tung"
"d034902","alisma","alisma plantago aquatica","common water plantain"
"d034901","alismataceae","echinodorus"
"d035961","alismatales","alismatidae","posidonia","najas","ruppia"
"d000490","allium","alliaceae"
"d029661","alnus","alder"
"d031055","alocasia","alocasia macrorrhiza","taro giant"
"d000504","aloe","aloe vera"
"d032429","alpinia","alpinia galanga","galanga"
"d031051","alstonia","alstonia scholaris","milky pine"
"d031402","alstroemeria","lily peruvian"
"d031583","althaea","althaea officinalis","mallow marsh","althea officinalis","white mallow","marshmallow"
"d000545","amanita",
"d027703","amaranthaceae","aerva","pfaffia"
"d027721","amaranthus","amaranth plant","redroot pigweed"
"d000070378","amaryllidaceae","clivia","hippeastrum","cyrtanthus","zephyranthes","zephyrlily","zephyrlilies"
"d031164","ambrosia","ragweed"
"d031165","ammi","ammus","ammi visnaga"
"d035801","amomum",
"d031056","amorphophallus","amorphophallus konjac","konjac"
"d032421","ampelopsis","ampelopses","porcelain berry plant","plant porcelainberry"
"d029682","amsinckia",
"d030006","amsonia","amsonia elliptica"
"d027926","anacardiaceae","cotinus","spondia","lithrea","sclerocarya","marula","schinus","peppertree california","peppertree brazilian","lannea"
"d031021","anacardium","cashew","anacardium occidentale"
"d031823","anagallis","pimpernel"
"d031230","ananas","pineapple"
"d035685","andrographis",
"d031722","andropogon",
"d031403","anemarrhena","anemarrhenae"
"d031883","anemone","anemone raddeana","anemone hepatica"
"d029969","angelica",
"d031041","annona","annona cherimolia","soursop","cherimoya"
"d029061","annonaceae","fissistigma","artabotry","yingzhao","porcelia"
"d031166","anthemis","mayweed stinking","fennel dog","chamomile stinking","camomile stinking"
"d049936","anthocerotophyta","hornwort","anthocero"
"d031621","antiaris",
"d032161","antirrhinum","snapdragon"
"d019661","apiaceae","umbelliferae","smyrnium","saposhnikovia","fangfeng","azorella","glehnia"
"d000077102","apium","apium graveolens var dulce","celery","celeries","apium graveolens var rapaceum","celeriac","apium graveolens","wild celery","celeries wild"
"d029062","apocynaceae","asclepiadaceae","cerbera","chonemorpha","himatanthus","acokanthera","rhazya","gomphocarpus","cryptostegia","gongronema","caralluma","carissa","plumeria"
"d030010","apocynum","poacynum","dogbane","apocynum cannabinum"
"d029063","aquifoliaceae",
"d031884","aquilegia","columbine"
"d017360","arabidopsis","arabidopses","arabidopsis thaliana","cress mouse ear","cresses mouse ear","a thaliana"
"d031214","arabis","cress rock","cresses rock"
"d029064","araceae","monstera","orontium","pistia stratiote","lettuce water","lysichiton","symplocarpus","cabbage skunk","aroideae","aroid","dracunculus plant","pistia","rhaphidophora"
"d010367","arachis","arachis hypogaea","peanut"
"d027983","aralia","spikenard","aralia nudicaulis","aralia hispida","bristly sarsaparilla"
"d027481","araliaceae","polyscia","schefflera","umbrella tree","cussonia"
"d000080057","araucaria","araucaria augustifolia","brazilian pine"
"d000080056","araucariaceae",
"d031170","arctium","burdock","burdock plant","arctium lappa","gobo","gobou","burdock greater","arctium minus","burdock lesser"
"d029792","arctostaphylos","bearberry","bearberries","uva ursi","uva ursus"
"d031644","ardisia","marlberry","marlberries"
"d001114","areca","areca catechu","betel nut"
"d028023","arecaceae","bactri","palm peach","pejibaye","pijiguao","metroxylon"
"d031674","argemone","argemone mexicana","poppy prickly","poppies prickly"
"d031057","arisaema","arisaema triphyllum","jack in the pulpit","arisaema dracontium","dragonroot","dragon green"
"d030022","aristolochia","dutchman pipe","birthwort"
"d029065","aristolochiaceae",
"d055392","armillaria",
"d031215","armoracia","horseradish","armoracia lapathifolia","armoracia rusticana"
"d018650","arnica","arnica montana","leopard bane"
"d019306","artemisia","sagewort","sagebrush","wormseed levant","mugwort","wormwood","artemisia capillari","artemisia dracunculus","tarragon plant","artemisia maritima","artemisia vulgari","artemisia abrotanum","southernwood","artemisia judaica"
"d003883","arthrodermataceae","cutaneous fungi","fungus cutaneous","dermatomyce","dermatophyte","ctenomyce","keratinomyce","arthroderma","nannizzia"
"d031622","artocarpus","jackfruit","breadfruit"
"d031058","arum",
"d030023","asarum","asarum canadense","ginger wild","snakeroot canada"
"d031108","asclepias","milkweed common"
"d001203","ascomycota","ascomycete","cochliobolus","sclerotinia"
"d031042","asimina","pawpaw"
"d036903","aspalathus","aspalathus linearis","rooibo"
"d000070357","asparagaceae","nolinoideae","convallariaceae","hyacinthaceae","anemarrhenaceae","agavaceae","muscari","hesperaloe","polianthes"
"d000070381","asparagales","galtonia"
"d030009","aspidosperma","brazilian box tree"
"d019659","asteraceae","compositae","doronicum","leopard bane false","emilia plant","enhydra fluctuan","phagnalon","heterotheca","iostephane","ixeri","lychnophora","pseudognaphalium","silphium","sphaeranthus","aspilia","trixi","viguiera","carpesium","clibadium"
"d036083","atractylis",
"d031174","atractylodes","jutsu"
"d027466","atriplex","atriplices","saltbush"
"d032282","atropa",
"d000076667","austrobaileyales",
"d018554","avena","oat","avena sativa","cultivated oat"
"d065826","averrhoa","averrhoa bilimbi","cucumber tree","averrhoa carambola","starfruit tree","carambola tree"
"d032407","avicennia","black mangrove","avicennia marina","mangrove grey"
"d031601","azadirachta","neem tree","azadirachta indica","melia azadirachta"
"d031175","baccharis","willow water","broom desert"
"d034681","bacopa","water hyssop"
"d032430","balanites",
"d031111","balanophoraceae","thonningia"
"d031329","ballota","horehound black"
"d029068","balsaminaceae",
"d031723","bambusa",
"d031581","banisteriopsis","banisteriopses","ayahuasca"
"d031216","barbarea","barbarea vulgari","yellow rocket","cress winter","cresses winter","barbarea verna","cress upland","cresses upland"
"d031382","barringtonia",
"d036481","bauhinia",
"d031112","begoniaceae","begonia"
"d028141","berberidaceae",
"d028142","berberis","barberry","barberries"
"d031383","bertholletia","bertholletia excelsa","tree brazil nut"
"d029662","betula","birch"
"d029401","betulaceae","carpinus","hornbeam","ostryopsis","ostryopses","ostrya","hornbeam hop"
"d031176","bidens","beggartick"
"d029402","bignoniaceae","tecoma","stereospermum"
"d031212","bixaceae","cochlospermum","kondagogu","bixa"
"d032124","blighia","blighia sapida","akee","ackee"
"d032402","boehmeria","ramie"
"d035161","bombacaceae","durio","durian","quararibea","pachira","ochroma","balsa"
"d035163","bombax","bombax ceiba","salmalia malabaricum","bombax malabaricum"
"d028082","boraginaceae","ehretia","cynoglossum","arnebia","anchusa","onosma","tournefortia","alkanna"
"d029683","borago","borage","borago officinalis"
"d029743","boswellia","boswellia sacra","boswellia serrata","boswellia carteri","boswellia carterii"
"d035201","brachiaria",
"d058431","brachypodium","brachypodium distachyon"
"d001937","brassica","broccoli","brussel sprout","kale","cauliflower","collard green","cabbage"
"d019607","brassicaceae","cress","cresses","cruciferae","moricandia"
"d031231","bromelia",
"d031229","bromeliaceae",
"d031724","bromus","bromegrass","bromegrasses","brome"
"d031623","broussonetia",
"d032269","brucea",
"d000076609","brugmansia",
"d029772","bryonia","bryonia dioica","bryony","bryonies","bryonia alba"
"d044002","bryophyta","mosse","andreaeopsida","granite mosse","musci","muscus"
"d019068","bryopsida","mosse true","physcomitrella","ceratodon"
"d032861","buddleja",
"d029972","bupleurum","hare ear","saiko","chai hu"
"d031233","bursera","bursera simaruba","gumbo limbo"
"d029403","burseraceae",
"d031290","butea",
"d031234","buxaceae","sarcococca"
"d031235","buxus","boxwood"
"d055323","byssochlamys",
"d002099","cacao","cocoa plant","theobroma cacao","theobroma"
"d029421","cactaceae","cactus"
"d029911","caesalpinia","brazilwood"
"d036561","cajanus","cajanus cajan","pigeonpea plant","pea plant pigeon"
"d031081","calamus","palm rattan"
"d000068543","calceolariaceae","calceolaria","porodittia","jovellana"
"d020838","calendula","calendula officinali"
"d032408","callicarpa","beautyberry","beautyberries"
"d036084","callilepis","impila"
"d029795","calluna","scotch heather"
"d029759","calophyllum","punna"
"d031107","calotropis",
"d031237","calycanthaceae",
"d031253","calystegia","bindweed false"
"d031404","camassia","cama"
"d028244","camellia","thea"
"d029422","campanulaceae","adenophora","campanula"
"d029769","camptotheca",
"d054362","cananga","ylang ylang"
"d032449","canavalia",
"d002175","candida","monilia","candida auris","candida utilis","torulopsis utilis"
"d027581","cannabaceae",
"d002188","cannabis","hemp plant","marihuana","marijuana","hemp","ganja","hashish","bhang"
"d031483","capparaceae","crateva","crataeva"
"d031484","capparis","caper"
"d027922","caprifoliaceae",
"d029687","capsella","capsella bursa pastori","shepherd purse"
"d002212","capsicum","bell pepper","sweet pepper","red pepper","green pepper","cayenne pepper","cayenne","paprika","hot pepper","jalapeno pepper","pimiento","capsicum annuum","chilli pepper","chile pepper","chili pepper"
"d032602","caragana","peashrub"
"d031217","cardamine","cardamine pratensis","cardamine pratenses","cress meadow","cresses meadow","cress bitter","bitter cresses"
"d031177","carduus","thistle musk","thistle plumeless"
"d029441","carica","papaya","carica papaya"
"d031241","caricaceae",
"d031178","carthamus","thistle distaff"
"d029974","carum","carum carvi","carum carvus","caraway","carum copticum","ajowan"
"d031325","carya","hickory tree","pecan","hickory nut","carya illinoensis","carya illinoenses","pecan tree"
"d029748","caryophyllaceae","herniaria","rupturewort","brachystemma","drymaria","spergularia","cerastium","chickweed mouse ear"
"d000073559","caryophyllales",
"d000074427","caryophyllanae",
"d037821","casearia",
"d032081","casimiroa",
"d002366","cassia","cassia fistula","indian laburnum"
"d031291","castanospermum",
"d029754","catha","catha eduli","mairungi","mairungus","qat plant","khat","miraa"
"d030008","catharanthus","catharanthus roseus","periwinkle madagascar","vinca rosea"
"d028145","caulophyllum","caulophyllum thalictroide","cohosh blue"
"d031952","ceanothus",
"d031587","cedrela",
"d028203","cedrus","cedar tree"
"d035164","ceiba","ceiba pentandra","kapok tree"
"d029753","celastraceae","glyptopetalum","kokoona"
"d000074423","celastrales",
"d031247","celastrus",
"d034762","celosia","celosia cristata","cockscomb common"
"d031741","cenchrus","sandbur"
"d031179","centaurea","thistle yellow star","red star thistle","cornflower","knapweed"
"d029966","centaurium","centaurium erythraea","centaurium minus","small centaury","centauries small"
"d028041","centella","hydrocotyle","centella asiatica","gotu kola","mandukaparni","mandukaparnus","hydrocotyle asiatica"
"d028503","cephaelis","psychotria ipecacuanha","uragoga"
"d032483","cephalotaxus","cephalotaxus harringtonia","yew harrington plum"
"d032301","cestrum","jessamine","cestrium"
"d002597","chaetomium",
"d031288","chamaecrista","partridgepea","pea sensitive","pea partridge"
"d029780","chamaecyparis","cypress yellow","cypresses yellow","cedar yellow","cedar atlantic white","white cedar atlantic","cypress lawson false","hinoki cypress"
"d031167","chamaemelum","chamaemelum nobile","camomile roman","chamomile roman","anthemis nobili","english chamomile"
"d020843","chamomile","camomile","chamomile oil"
"d028281","chelidonium","celandine"
"d019663","chenopodiaceae","suaeda","kochia","halogeton","salicornia"
"d027462","chenopodium","goosefoot"
"d018651","chicory","cichorium intybus"
"d027782","chive","allium schoenoprasum","chinese chive","allium tuberosum"
"d036604","chromolaena","chromolaena odorata","eupatorium odoratum"
"d031202","chrysanthemum",
"d045469","chrysobalanaceae","hirtella","licania","chrysobalanus"
"d049930","chrysopogon","vetiveria","chrysopogon zizanioide","vetiver grass","grasses vetiver","vetiveria zizanioide"
"d029863","cicer","chickpea","garbanzo","cicer arietinum"
"d029981","cicuta","hemlock water","cicuta major","cicuta virosa","cicuta maculata","hemlock spotted water"
"d031885","cimicifuga","cimicifuga racemosa","bugbane black","cohosh black","actaea racemosa"
"d002929","cinchona","peruvian bark","cinchona pubescens","red cinchona"
"d027424","cinnamomum",
"d031180","cirsium","thistle white","thistle yellowspine","thistle common","thistle plume","cirsium arvense","thistle canadian"
"d031606","cissampelos",
"d032422","cissus",
"d030601","cistaceae","helianthemum","rock rose"
"d031671","cistanche",
"d029758","cistus",
"d029773","citrullus","watermelon"
"d002957","citrus","citrus medica","citron tree","citrus reticulata","tangerine tree","orange tree mandarin","citrus fruit","bergamia citrus","citrus limon","lemon tree","citrus hystrix","citrus hystrices","kaffir lime","citrus maxima","pomelo tree","pummelo tree","citrus grandi","citrus aurantium","orange tree bitter","sour orange tree","seville orange tree"
"d031663","clarkia",
"d054700","clausena","claussena"
"d002967","claviceps","ergot fungus"
"d039324","clematis",
"d031485","cleome",
"d032409","clerodendrum","clerodendron"
"d031250","clethraceae","clethra","sweetpepperbush"
"d031292","clitoria",
"d031251","clusia",
"d028084","clusiaceae","psorospermum","hypericaceae","rheedia","plum waika","allanblackia","cratoxylum"
"d031181","cnicus","thistle blessed","cardo santo"
"d031048","cnidium","cnidium monnieri","cnidium monnierus"
"d003041","coca","erythroxylon"
"d031605","cocculus",
"d003059","cocos","coconut","cocoanut"
"d029745","codonopsis","codonopses","bellflower","dang shen","dangshen"
"d040503","coffea","caffea","coffea arabica"
"d031742","coix","coices","job tears","coix lachryma jobi","coix lachryma jobus","adlay seed plant","semen coicis"
"d030221","cola","kola nut","cola acuminata","cola nitida"
"d000070437","colchicaceae",
"d003079","colchicum","colchicum autumnale","fall crocus","meadow saffron","autumn crocus"
"d031330","coleus",
"d031060","colocasia","dasheen","taro"
"d031953","colubrina",
"d029764","combretaceae",
"d029765","combretum",
"d020844","comfrey","symphytum officinale"
"d034822","commelina","dayflower"
"d034821","commelinaceae",
"d029744","commiphora","commiphora wightii","commiphora mukul","commiphora myrrha","commiphora molmol","tree common myrrh","guggul tree","commiphora erythraea","myrrh bisabol","commiphora kataf"
"d029982","conium","hemlock poison","conium maculatum"
"d031961","connaraceae","rourea","connarus","agelaea","cnesti"
"d031405","convallaria","convallaria majalis","lily of the valley"
"d027722","convolvulaceae","turbina","rivea","evolvulus","merremia"
"d031254","convolvulus","bindweed field"
"d035401","conyza","asthmaweed","horseweed"
"d003302","coprinus",
"d039323","coptis","goldthread"
"d032381","corchorus",
"d031213","cordia","manjack"
"d032661","cordyceps",
"d031406","cordyline",
"d031945","coreopsis","coreopses","dahlia sea","tickseed"
"d028526","coriandrum","coriander","cilantro","coriandrum sativum"
"d029767","cornaceae",
"d029768","cornus","dogwood","corni fructus"
"d045465","corsiaceae","corsia","corsiopsis","corsiopses","arachnitis plant"
"d055363","cortinarius",
"d031311","corydalis","fumewort"
"d031211","corylus","filbert","hazelnut"
"d029770","costus","costus spicatus"
"d029627","crassulaceae","tylecodon","sempervivum"
"d027825","crataegus","hawthorn","crataegus monogyna"
"d032181","craterostigma","resurrection plant"
"d027468","crepis","hawk beard"
"d031407","crinum",
"d027622","crocus","saffron","crocus sativus","saffron crocus"
"d029864","crotalaria","rattlepod chipilin"
"d029802","croton","sangre de drago","tiglium croton"
"d031369","cryptocarya",
"d031106","cryptolepis","cryptolepsis","cryptolepses"
"d032485","cryptomeria","cedar japanese"
"d028462","cucumis",
"d028464","cucurbita","squash plant","squashe","pumpkin"
"d019662","cucurbitaceae","fevillea","coccinia","gourd ivy","melon","melothria"
"d028527","cuminum","cuminum cyminum","cumin"
"d032486","cunninghamia","cunninghamia lanceolata","fir chinese"
"d031562","cuphea",
"d029779","cupressaceae","taxodiaceae","calocedrus"
"d029781","cupressus","cypress","cypresses"
"d031408","curculigo",
"d030024","curcuma","tumeric","turmeric","curcuma zedoaria","zedoary zedoaria","curcuma longa"
"d034182","cuscuta","dodder"
"d031293","cyamopsis","cyamopses","cyamposis","cyamposes","guar","cyamopsis tetragonoloba"
"d055365","cyathus",
"d032462","cycadopsida","cycadophyta","gymnosperm","cycadale"
"d029784","cycas","palm false sago","cycad palm"
"d031824","cyclamen",
"d031604","cyclea",
"d031743","cymbopogon","cymbopogon nardus","lemon grass","grasses lemon","lemongrass","lemongrasses","andropogon nardus","citronella"
"d031105","cynanchum",
"d031942","cynara","cynara cardunculus","cardoon"
"d031744","cynodon","grass bermuda","bermuda grasses","bermudagrass","bermudagrasses"
"d031482","cynomorium",
"d029785","cyperaceae",
"d029786","cyperus","cyperus esculentus","chufa","flat sedge","flatsedge","sedge nut","yellow nutgrass","nutgrasses yellow"
"d031061","cyrtosperma","taro giant swamp"
"d029865","cytisus","broom","broom scotch","cytisus scoparius","sarothamnus scoparius"
"d031745","dactylis","grass orchard","grasses orchard","orchardgrass","orchardgrasses"
"d031944","dahlia",
"d035782","dalbergia",
"d032364","daphne",
"d000076608","daphniphyllaceae",
"d000076482","daphniphyllum","daphniphyllum paxianum","daphniphyllum subverticillatum","daphniphyllum macropodum","daphniphyllum calycinum","daphniphyllum glaucescen","daphniphyllum himalense","daphniphyllum yunnanense"
"d032302","datura",
"d055165","debaromyces",
"d055167","dekkera",
"d031882","delphinium","larkspur"
"d031667","dendrobium",
"d032497","dennstaedtiaceae",
"d029866","derris","pongamia uliginosa","lonchocarpus urucu"
"d029749","dianthus","carnation"
"d000076625","dicentra",
"d036905","dictamnus",
"d004070","digitalis","foxglove","digitalis lanata","grecian foxglove","digitalis purpurea","common foxglove"
"d031746","digitaria","grass crab","crab grasses","crabgrass","crabgrasses"
"d045466","dilleniaceae","dillenia","curatella"
"d052598","dioclea",
"d045603","dioncophyllaceae","habropetalum","triphyophyllum","dioncophyllum"
"d027742","dioscorea","dioscorea villosa","wild yam","dioscorea opposita","dioscorea polystachya","chinese yam","shan yao","dioscorea batatas","yam"
"d027743","dioscoreaceae","tacca"
"d029788","diospyros","persimmon","sapote black"
"d055157","dipodascus",
"d049917","dipsacaceae","knautia","scabiosa","succisa","cephalaria","dipsacus","teasel"
"d000074766","dipsacales","caprifoliale","viburnale","sambucale","valerianale","adoxale","lonicerale"
"d053958","dipterocarpaceae","shorea","hopea","monote","vateria","dryobalanop"
"d046914","dipteryx","dipteryx odorata","tonka bean","coumarouna odorata"
"d031294","dolichos",
"d031409","dracaena",
"d031448","drimia","urginea","urginea maritima","scilla maritima","drimia maritima"
"d032424","drimys",
"d029787","drosera","sundew"
"d031257","droseraceae","dionaea","venus flytrap"
"d032491","dryopteridaceae","onoclea"
"d032492","dryopteris","male fern","aspidium filix ma"
"d032303","duboisia",
"d031262","ebenaceae","euclea"
"d020900","echinacea","echinacea purpurea","coneflower purple","rudbeckia purpurea","echinacea pallida","pale purple coneflower","echinacea angustifolia"
"d031747","echinochloa","grass cockspur","cockspur grasses","grass barnyard","barnyard grasses","millet barnyard","millet japanese"
"d036661","echium",
"d036601","eclipta",
"d031806","eichhornia","water hyacinth"
"d031263","elaeagnaceae","shepherdia","buffaloberry","buffaloberries","elaeagnus","olive russian"
"d045467","elaeocarpaceae","elaeocarpus"
"d031256","eleocharis","chestnut water","chestnut chinese water"
"d028523","elettaria","cardamom","cardamon","amomum cardamomum","elettaria cardamomum"
"d031748","eleusine","eleusine indica","grass goose","goose grasses","goosegrass","goosegrasses","eleusine coracana","millet koracan","millet finger","millet indian finger"
"d028001","eleutherococcus","ciwujia","acanthopanax","eleutherococcus senticosus","siberian ginseng","eleuthero"
"d031749","elymus",
"d031645","embelia",
"d019669","embryophyta","land plant"
"d032842","emericella","emericella nidulan"
"d055159","endomyces",
"d029789","ephedra",
"d055329","epichloe",
"d031666","epilobium",
"d034181","epimedium","epimedium sagittatum","epimedium grandiflorum"
"d020829","equisetum","horsetail","equisetaceae"
"d031750","eragrostis","teff"
"d055169","eremothecium",
"d029791","ericaceae",
"d020448","ericales","theale","caryocaraceae"
"d049919","erigeron","fleabane"
"d031983","eriobotrya","loquat tree","loquat"
"d039262","eriocaulaceae","paepalanthus"
"d031322","eriodictyon","eriodictyon californicum","yerba santa"
"d031803","eriogonum","buckwheat wild","buckwheat red"
"d031049","eryngium","holly sea","hollies sea"
"d032601","erysimum","wallflower"
"d004895","erythrina","erythrina verna","erythrina mulungu","erythrina cristagalli","erythrina crista galli","erythrina variegata","indian coral tree"
"d030921","erythroxylaceae",
"d031675","eschscholzia","eschscholzia californica","poppy california","california poppies"
"","eucalayptus",
"d005052","eucalyptus","eucalyptus globulus","bluegum eucalyptus","blue gum tree"
"d031283","eucommiaceae","eucommia ulmoide","du zhong"
"d000068856","eugenia","euginia uniflora","brazilian cherry tree","pitanga","surinam cherry tree"
"d029756","euonymus","euonymus sieboldianus","spindletree","burningbush euonymus"
"d036602","eupatorium",
"d055324","eupenicillium",
"d028481","euphorbia","spurge","euphorbia hirta","chamaesyce hirta"
"d019665","euphorbiaceae","alchornea","spondianthus","macaranga","sebastiania","maprounea","excoecaria"
"d032201","euphrasia","eyebright"
"d032641","eurotiales",
"d055325","eurotium",
"d035701","eurycoma","tongkat ali","alus tongkat","eurycoma longifolia","long jack"
"d065748","euterpe","euterpe edulis","acai berries","acai berry","assai palm berries","palm berry assai","aai berry","berries aai","euterpe precatoria","assai palm","euterpe oleracea","euterpe oleracea mart"
"d032086","evodia","euodia","euodia ruticarpa","tetradium ruticarpum","evodiae fructus","evodia rutaecarpa","wu zhu yu"
"d007887","fabaceae","leguminosae","pea family","families pea","legume","amorpha","andira","baptisia","callerya","ceratonia","clathrotropis","colophospermum","copaifera","delonix","euchresta","guibourtia","machaerium","pithecellobium","pithecolobium","stryphnodendron","tachigalia","afzelia"
"d029962","fagaceae",
"d000073567","fagales",
"d019612","fagopyrum","fagopyrum tataricum","fagopyrum sagittatum","buckwheat","fagopyrum esculentum"
"d029964","fagus","beech"
"d000069263","fallopia",
"d031646","feijoa","guava pineapple","guavasteen"
"d029624","ferns","blechnum"
"d005309","ferula","ferula hermoni","ferula harmoni","zallouh","ferula foetida","asafoetida","asa foetida","asafetida"
"d031751","festuca",
"d030681","ficus","rubberplant","fig"
"d031984","filipendula","dropwort","meadowsweet"
"d000076623","flacourtia",
"d055393","flammulina","flammulina velutipe","enokitake","enoki mushroom"
"d037142","flaveria",
"d019597","flax","flaxseed","linum","linseed","linum usitatissimum"
"d030001","foeniculum","foeniculum vulgare","fennel"
"d031657","forsythia","lian qiao","goldenbell"
"d031985","fragaria","strawberry","strawberries","fragaria vesca","alpine strawberry","alpine strawberries","woodland strawberry","strawberries woodland"
"d031661","fraxinus","ash common","ash tree","fraxinus ornus","flowering ash","fraxinus excelsior","european ash"
"d031410","fritillaria","fritillary","fritillaries"
"d037961","frullania",
"d044645","fucus","fucus vesiculosus","bladder wrack","bladderwrack"
"d031312","fumaria","fumitory","fumitories","fumaria officinalis"
"d031310","fumariaceae",
"d027801","galanthus","galanthus nivalis","snowdrop"
"d029881","galega","goat rue","galega officinali","galega orientali"
"d032061","galium","bedstraw","galium aparine","cleaver"
"d031582","galphimia","galphimia glauca"
"d029760","garcinia","gamboge"
"d032062","gardenia","gardeniae"
"d005737","garlic","allium sativum"
"d031668","gastrodia","gastrodia elata extract","gastrodia elata","tien ma"
"d031282","gaultheria",
"d036621","geigeria",
"d031450","gelsemium","hu man teng","woodbine","yellow jessamine"
"d039761","genista","genista hispanica","gorse spanish","genista tinctoria","broom dyers"
"d030012","gentiana","gentian","gentiana lutea","yellow gentian"
"d029965","gentianaceae","canscora"
"d000070677","gentianales",
"d031313","gentianella","hercumpuri","hercumpurus"
"d031314","geraniaceae",
"d031315","geranium",
"d031986","geum","aven"
"d005874","gibberella",
"d020939","ginger","zingiber officinale"
"d031501","gleditsia","gleditsia japonica","fagara horrida"
"d006035","glycyrrhiza","liquorice","licorice","glycyrrhiza glabra"
"d036622","gnaphalium",
"d035682","gnetophyta",
"d035684","gnetum",
"d054335","goniothalamus",
"d003368","gossypium","cotton plant"
"d032382","grewia","dhaman tree"
"d031295","griffonia",
"d048691","grifola","grifola frondosa","maitake"
"d036623","grindelia","gumplant","gumweed"
"d031964","grossulariaceae",
"d032441","guaiacum",
"d031043","guatteria",
"d031103","gymnema","gymnema alternifolium"
"d029774","gynostemma","gynostemma pentaphyllum"
"d029201","hamamelidaceae",
"d029501","hamamelis","witch hazel"
"d032063","hamelia",
"d055321","hanseniaspora",
"d031206","haplopappus","tansyaster"
"d031684","harpagophytum","harpagophytum procumben","devils claw","uncaria procumben"
"","heath",
"d055364","hebeloma",
"d031336","hedeoma","hedeoma pulegioide","american pennyroyal false","melissa pulegioide"
"d035981","hedera","hedera helix","hedera helices","ivy english"
"d032064","hedyotis",
"d006368","helianthus","sunflower","helianthus annuus","jerusalem artichoke","helianthus tuberosus"
"d036562","helichrysum",
"d032427","heliconiaceae","heliconia"
"d028162","heliotropium","heliotrope true"
"d039322","helleborus","hellebore","heleborus","helleborus niger","christmas rose","hellebore green","helleborus viridis","hellebore stinking","helleborus foetidus"
"d031421","hemerocallis","daylily","daylilies"
"d031102","hemidesmus","hemidesmus indicus","periploca indica","anantamul","sarsaparilla east indian"
"d018652","hemlock",
"d035926","hepatophyta","liverwort","marchantiae","bazzania","jungermanniae"
"d030002","heracleum",
"d049935","hernandiaceae","hernandia"
"d031996","heuchera","alumroot"
"d028482","hevea","rubber tree","hevea brasiliensis","hevea brasilienses"
"d031584","hibiscus","hibiscus sabdariffa","roselle","hibiscus cannabinus","kenaf"
"d031318","hippocastanaceae",
"d031320","hippocrateaceae","hippocratea"
"d031285","hippomane","manchineel","manchincel"
"d031281","hippophae","sea buckthorn","fructus hippophae","hippophae rhamnoides"
"d035462","holarrhena","kutaja"
"d031752","holcus","velvetgrass","velvetgrasses"
"d000068798","hoodia","hoodia gordonii"
"d001467","hordeum","barley","hordeum vulgare"
"d031422","hosta",
"d052859","houttuynia","houttuynia cordata","dokudami","dokudamus"
"d027582","humulus","hops","humulus lupulus"
"d032501","huperzia",
"d031423","hyacinthus","hyacinth"
"d031966","hydrangea","hydrangeae"
"d029628","hydrangeaceae",
"d039321","hydrastis","golden seal","goldenseal"
"d031321","hydrocharitaceae","thalassia","limnobium","elodea","hydrilla","ottelia"
"d029522","hydrophyllaceae",
"d052597","hymenaea",
"d032304","hyoscyamus","henbane","hyoscyamus niger","black henbane"
"d020902","hypericum","hypericum perforatum","johnswort st","johnswort saint","st john wort","saint john wort"
"d035901","hypocrea","hypocrea viren","gliocladium viren"
"d006999","hypocreales",
"d000070476","hypoxidaceae",
"d027802","hypoxis","hypoxis rooperi"
"d031331","hyptis",
"d030017","ilex","ilices","ilex verticillata","alder black","winterberry","winterberries","holly","hollies"
"d029523","illicium","illicium verum","star anise","illicium anisatum"
"d029069","impatiens","touch me not","jewelweed"
"d029883","indigofera",
"d038143","inula","inula racemosa","pushkarmula","pushkarmoola","indian elecampane","inula helenium","elecampane"
"d027741","ipomoea",
"d027621","iridaceae","moraea","homeria"
"d031219","isatis","woad"
"d037602","isodon","rabdosia","isodon japonica","rabdosia rubescen","blushred rabdosia","rabdosia japonica"
"d031660","jasminum","jasmine"
"d031286","jatropha","spurge nettle","nettlespurge","jatropha curcas","purging nut","physic nut"
"d029525","juglandaceae",
"d031324","juglans","walnut","juglans nigra","black walnut","juglans regia","english walnut"
"d018653","juniperus","juniperus virginiana","red cedar eastern","cedar eastern red","juniperus occidentali","cedar western","juniperus oxycedrus","cade","juniperus communi","juniper common","juniper"
"d027902","justicia","adhatoda","justicia adhatoda","malabar nut","adhatoda vasica"
"d032135","kadsura",
"d031962","kalanchoe","bryophyllum"
"d036882","kalopanax",
"d031956","karwinskia","coyotillo","karwinskia humboldtiana","tullidora"
"d020901","kava","kawa kawa","kawa","piper methysticum","kava kava"
"d044423","kelp",
"d007716","kluyveromyces",
"d031326","krameriaceae","krameria","ratany","ratanies","rhatany","rhatanies"
"d031648","kunzea","kanuka"
"d031296","laburnum","golden chain","laburnum anagyroide","cytisus laburnum"
"d055399","laccaria",
"d031563","lagerstroemia",
"d019686","lamiaceae","labiatae","micromeria","schizonepeta","leonoti","glechoma","mesona","tetradenia"
"d000068378","lamiales","proboscidea plant"
"d007795","laminaria","laminaria japonica","kombu","laminaria tent"
"d032410","lantana",
"d028221","larix","larices","tamarack","larch"
"d032442","larrea","gobernadora","creosote bush","larrea tridentata"
"d027807","lathyrus",
"d019770","lauraceae",
"d000073571","laurales","monimiale","illigerale","gyrocarpale","calycanthale","hernandiale","atherospermatale"
"d027442","laurus","bay leaf","laurus nobilis","bay laurel"
"d027523","lavandula","lavender","lavandula angustifolia"
"d031381","lecythidaceae",
"d029794","ledum","ledum palustre","wild rosemary","rosemaries wild","ledum groenlandicum","labrador tea"
"d020074","lentinula","lentinus"
"d031332","leonurus","motherwort"
"d029686","lepidium","lepidium meyenii","lepidium meyenius","maca"
"d031649","leptospermum","zealand manuka new"
"d029884","lespedeza","clover bush"
"d018545","lettuce","lactuca sativa"
"d000078062","leucanthemum",
"d043843","leuzea","rhaponticum","leuzea carthamoide","rhaponticum carthamoide"
"d030003","levisticum","levisticum officinale","lovage"
"d029782","libocedrus",
"d008011","lichens",
"d000079543","ligularia",
"d030004","ligusticum","lovage alpine"
"d031659","ligustrum","privet","ligustrum lucidum","ligustri lucidi","ligustri lucidus"
"d019668","liliaceae","lily family"
"d000070396","liliales","alstroemeriaceae"
"d000075063","lilianae",
"d027762","lilium","lily","lilies"
"d019658","linaceae",
"d032221","linaria","toadflax"
"d027443","lindera","lindera benzoin","spicebush","wild allspice"
"d055160","lipomyces",
"d032411","lippia",
"d031317","liquidambar","tree sweet gum","liquidambar styraciflua","sweetgum","sweet gum"
"d031567","liriodendron","liriodendron tulipifera","poplar yellow","tulip tree"
"d032125","litchi","litchus","litchi chinensis","litchi chinenses","leechee","lychee"
"d029684","lithospermum","puccoon","gromwell","lithospermi","lithospermus"
"d032862","litsea",
"d029746","lobelia","lobelia laxiflora","sierra madre lobelia","lobelia inflata","indian tobacco"
"d029541","loganiaceae","spigelia"
"d008129","lolium","rye grass","ryegrass"
"d031239","lonicera","honeysuckle"
"d028183","loranthaceae","taxillus","tapinanthus","mistletoe african","dendrophtora","ligaria cuneifolia","mistletoe argentine"
"d000070116","lotus","loteae","trefoil","lotus japonicus","lotus corniculatus","lotus arabicus"
"d029776","luffa","loofah","momordica luffa"
"d031297","lupinus","lupine"
"d031244","lychnis",
"d032305","lycium","lycium barbarum","goji berry plant","wolfberry","wolfberries","goji berry","berries goji","lycium chinense"
"d029542","lycopodiaceae","moss club","club mosses","clubmoss","clubmosses"
"d032502","lycopodium",
"d031333","lycopus","horehound water","bugleweed","lycopus virginicus"
"d031426","lycoris",
"d029561","lythraceae","punicaceae"
"d031561","lythrum","loosestrife","loosestrife purple","lythrum salicaria"
"d029901","maackia","macckia","maackia amurensis","maackia amurenses"
"d039106","macadamia","macadamia nut"
"d031624","maclura","orange osage"
"d044662","macrocystis","kelp giant"
"d032128","madhuca",
"d000076643","maesa",
"d020082","magnaporthe","magnaporthe grisea"
"d031566","magnolia","magnolia officinali","magnolia virginiana","bay sweet","magnolia grandiflora"
"d029562","magnoliaceae","michelia"
"d019684","magnoliopsida","flowering plant","angiosperma","vahliale","oncothecale","metteniusale","icacinale","zingiberidae","hamamelididae","liliatae","dicotyledoneae","magnoliatae","liliidae","arecidae","commelinidae","asteridae","rosidae","dilleniidae","caryophyllidae","hamamelidae","angiosperm","angiospermae","liliopsida"
"d028143","mahonia","mahonia aquifolium","barberry hollyleaved","barberries hollyleaved"
"d031401","maianthemum","seal false solomon","smilacina"
"d029581","malpighiaceae","cherry acerola","acerola cherries","malpighia glabra"
"d000076622","malpighiales",
"d027845","malus","malus domestica","apple tree","apple","crab apple"
"d028501","malva",
"d019660","malvaceae","sterculiaceae","mallow family","mallow families","hollyhock","alcea","waltheria","helictere","mansonia"
"d000077142","malvales",
"d031252","mammea",
"d026781","mandragora","mandrake european","mandragora vernali","atropa mandragora"
"d031022","mangifera","mangifera indica","mango"
"d002365","manihot","kasaba","cassava","manihot esculenta","tapioca","arrowroot brazilian","manioc"
"d032129","manilkara","manilkara zapota","achras zapotilla","sapodilla","sapote","zapote","sapota zapotilla","lucuma mammosa"
"d032426","marantaceae","calathea","maranta","arrowroot","thalia"
"d055433","marasmius",
"d047008","marchantia",
"","marigold",
"d027522","marrubium","horehound","marrubium vulgare","horehound woolly","horehound common"
"d031101","marsdenia","marsdenia condurango","condurango","marsdenia tenacissima"
"d043964","marsileaceae","marsilea","waterclover","pepperwort","clover water"
"d031168","matricaria","mayweed crown","matricaria matricarioide","pineapple weed","matricaria chamomilla","chamomilla recutita","chamomile german","camomile german","matricaria recutita"
"d029755","maytenus",
"d029902","medicago","clover"
"d031650","melaleuca","melaleuca vindifolia","niaouli","niaoulus","melaleuca cajuputi","melaleuca cajuputus","cajuput","melaleuca alternifolia","melaleuca leucadendra"
"d000070556","melanthiaceae",
"d035322","melastomataceae","miconia"
"d031585","melia",
"d029582","meliaceae","turraea","carapa","trichilia","guarea","khaya","sandoricum","swietenia","dysoxylum"
"","melilot",
"d029903","melilotus","clover sweet","melilotus officinalis","field melilot","yellow sweetclover","common melilot","yellow sweet clover"
"d031334","melissa","melissa officinali","lemon balm"
"d029583","menispermaceae","triclisia"
"d031603","menispermum","yellow parilla","moonseed","menispermum dauricum","menispermum canadense","menispermum cocculus"
"d027541","mentha","mint"
"d035723","mesembryanthemum","iceplant","ice plant"
"d055163","metschnikowia",
"d035742","mikania","guaco"
"d000066928","millets",
"d033641","millettia","millettia pinnata","indian beech tree","pongamia pinnata","derris indica","karumtree"
"d031298","mimosa",
"d032241","mimulus","monkeyflower"
"d032130","mimusops",
"d039282","mirabilis",
"d014784","mistletoe",
"d032065","mitragyna","mitragyna speciosa","kratom"
"d035704","molluginaceae","mollugo","glinus"
"d029775","momordica",
"d031338","monarda",
"d032741","monascus","monascus purpureus"
"d029585","monimiaceae","doryphora","hortonia"
"d035924","montanoa","zoapatle","montanoa tomentosa"
"d029586","moraceae","streblus","cudrania","dorstenia","brosimum","castilla plant"
"d032066","morinda","morinda citrifolia","noni","nonus"
"d029587","moringa",
"d031625","morus","mulberry","mulberries"
"d031299","mucuna","bean velvet","cowitch"
"d032101","murraya",
"d028521","musa","banana plant","banana"
"d028522","musaceae",
"d031642","myoporaceae",
"d031643","myoporum","boobialla"
"d031641","myrica","myrtle bog","bayberry","bayberries","sweet gale"
"d029590","myricaceae","comptonia","fern sweet"
"d026323","myristica","myristica fragrans","nutmeg"
"d026324","myristicaceae",
"d029904","myroxylon","myroxylon pereirae","myroxylon balsamum"
"","myrrh",
"d000076644","myrsine","rapanea"
"d027822","myrtaceae","heteropyxidaceae","mirtaceae"
"d000077148","myrtales",
"d031651","myrtus","myrtle"
"d031427","narcissus","daffodil"
"d032404","nardostachys",
"d031223","nasturtium","nasturtium officinale","rorippa nasturtium aquaticum"
"d055330","nectria",
"","neem",
"d031653","nelumbo","nelumbo lutea","american lotus","nelumbo nucifera","indian lotus","sacred lotus"
"d031652","nelumbonaceae",
"d055326","neosartorya",
"d027521","nepeta","catnip","nepeta cataria"
"d030007","nerium","nerium oleander","oleander"
"","nettle",
"d009491","neurospora",
"d031844","nigella",
"d031654","nuphar","lily yellow pond","yellow pond lilies"
"d039281","nyctaginaceae","bougainvillea","abronia","boerhavia","boerhaavia"
"d030721","nymphaea","water lily","waterlily","nymphaea lotus"
"d030702","nymphaeaceae","lily family water","water lilies"
"d031655","nyssa","tupelo"
"d030701","nyssaceae",
"d043842","ochnaceae","ouratea","sauvagesia","ochna"
"d030011","ochrosia","ochrosia elliptica"
"d031339","ocimum","ocimum gratissimum"
"d027444","ocotea","ocotea bullata"
"d031050","oenanthe","water dropwort"
"d031664","oenothera",
"d031656","olacaceae","ochanostachy","ptychopetalum","muira puama","schoepfia","ximenia"
"d032067","oldenlandia",
"d031658","olea","olive tree","olive","olea europaea","common olive tree"
"d029592","oleaceae","myxopyrum"
"d029594","onagraceae","ludwigia"
"d019697","onions","leek","allium porrum","allium cepa"
"d000068757","ononis","rest harrow","restharrow"
"d031183","onopordum","thistle cotton"
"d020036","onygenales","ajellomyce"
"d031441","ophiopogon","ophiopogon maidon","ophiopogon japonicus","mondo grass","grasses mondo"
"d055156","ophiostoma",
"d055155","ophiostomatales",
"d028002","oplopanax","echinopanax","oplopanax horridus","ginseng alaskan","devil club","echinopanax horridus"
"d029747","opuntia","prickly pear cactus","opuntia ficus indica","opuntia ficus","cholla cactus"
"d029595","orchidaceae","orchid family","families orchid","cypripedium","oncidium","phalaenopsis"
"d031341","origanum","marjoram","oregano","origanum majorana","marjoram plant","majorana hortensis","sweet marjoram","origanum onites","origanum vulgare","oregano plant"
"d031442","ornithogalum","star of bethlehem","bethlehem star"
"d031670","orobanchaceae","castilleja","paintbrush indian"
"d031672","orobanche","broomrape","broom rape"
"d031342","orthosiphon","java tea","orthosiphon aristatus","orthosiphon stamineus","clerodendranthus stamineus"
"d012275","oryza","oryza sativa","rice"
"d065825","oxalidaceae","oxalis corniculata","creeping wood sorrel","oxalis","woodsorrel","wood sorrel"
"d033021","oxytropis","locoweed white"
"d029905","pachyrhizus","pachyrhizus tuberosus","bean yam","jicama","pachyrhizus erosus"
"d031236","pachysandra","spurge japanese"
"d029596","paeonia","peony","peonies","shakuyaku","paeoniae radix","paeoniae radices"
"d032131","palaquium","palaquium gutta"
"d005894","panax","ninjin","schinseng","renshen","jen shen","ginseng","shinseng","panax ginseng"
"d031673","pandanaceae","pandanus"
"d008897","panicum","millet broomcorn","panicgrass","panicum miliare","millet little","panicum virgatum","switchgrass","switchgrasses","panicum miliaceum","millet common","proso millet"
"d010207","papaver","poppy","poppies","papaver somniferum","opium poppy","opium poppies"
"d028101","papaveraceae",
"d032403","parietaria","pellitory","pellitories"
"d000068837","parmeliaceae","cetraria islandica","iceland moss","iceland mosses","cetraria"
"d031781","paspalum","millet kodo","bahiagrass","bahiagrasses"
"d029598","passiflora","passionflower","passion flower","passionfruit","passiflora alata","passiflora edulis","passiflora incarnata","purple passionflower","granadilla"
"d031683","passifloraceae",
"d028529","pastinaca","parsnip","pastinaca sativa"
"d032405","patrinia",
"d032126","paullinia","paullinia cupana","guarana","paullinia pinnata","barbasco"
"d032068","pausinystalia","pausinystalia johimbe","corynanthe johimbe","yohimbe","pausinystalia yohimbe","corynanthe"
"d018532","peas","pisum sativum","pisum"
"d029601","pedaliaceae",
"d032262","pedicularis",
"d032443","peganum","peganum harmala"
"d031316","pelargonium",
"d031782","pennisetum","bajra","millet pearl","fountaingrass","fountaingrasses","grass fountain","fountain grasses"
"d032263","penstemon",
"d036941","peperomia",
"d031343","perilla",
"d031109","periploca",
"d027421","persea","persea americana","avocado"
"d036901","petasites","butterbur","coltsfoot sweet","petasites hybridus"
"d028528","petroselinum","parsley","petroselinum crispum"
"d032306","petunia",
"d031611","peumus","peumus boldus","boldo","boldea fragran"
"d031783","phalaris","canary grass","canary grasses","canarygrass","canarygrasses"
"d027805","phaseolus","phaseolus acutifolius","bean tepary","phaseolus vulgari","french bean plant","bean plant common","kidney bean"
"d032102","phellodendron","corktree"
"d031062","philodendron",
"d031784","phleum","timothy grass","grasses timothy"
"d031345","phlomis",
"d065749","phoeniceae","date palm","date palm fruit","fruit date","phoenix dactylifera","tree date palm"
"d055368","pholiota",
"d028184","phoradendron","phoradendron leucarpum","mistletoe american","viscum leucarpum"
"d046936","photinia","photinia melanocarpa","black chokeberry tree","chokecherry tree black","aronia melanocarpa","aronia"
"d020081","phyllachorales","glomerella"
"d029803","phyllanthus","phyllanthus amarus","bahupatra","phyllanthus nirurii","phyllanthus nirurius"
"d032321","physalis","ground cherry","cherries ground","tomatillo"
"d029906","physostigma","physostigma venenosum","calabar bean"
"d029603","phytolacca",
"d029602","phytolaccaceae","rivina","petiveria"
"d028222","picea","spruce tree"
"d010843","pichia","hansenula"
"d032270","picrasma",
"d032261","picrorhiza","picrorrhiza","picrorhiza kurrooa"
"d032103","pilocarpus",
"d027841","pimenta","pimenta dioica","pimenta officinalis","allspice"
"d028042","pimpinella","pimpinella anisum","anise"
"d028201","pinaceae",
"d000080054","pinales","araucariales","cupressales","taxales"
"d030021","pinellia","rhizoma pinelliae","ban xia","pinellia ternata","banha"
"d028223","pinus","pine tree","pinus pinaster","maritime pine","pinus maritima","pinus abies","pinus radiata","pinus tremula"
"d031701","piper","piper guineense","pepper ashanti","piper cubeba","cubeb pepper","piper longum","pepper jaborandi","long pepper"
"d026321","piperaceae",
"d027927","pistacia","pistacia vera","pistachio nut tree","pistacia lentiscus","mastictree","mastic tree","pistachio"
"d000068377","plantaginaceae","speedwell family","families speedwell","globularia","stemodia"
"d010943","plantago","plantain","plantago ovata","plantago psyllium","plantago arenaria","plantago lanceolata","english plantain","narrow leaved plantain","plantago indica"
"d031238","platycodon","bellflower chinese","platycodon grandiflorum","balloon flower"
"d031346","plectranthus","plectranthus barbatus","coleus forskohli","coleus forskohlii","coleus barbatus","forskohlii","forskohlius"
"d020076","pleurotus","mushroom oyster","pleurotus ostreatus"
"d029606","plumbaginaceae","ceratostigma","cerato","armeria maritima","limonium","plumbago","plumbago zeylanica"
"d011010","pneumocystis",
"d031785","poa","bluegrass","bluegrasses","poa pratensis","poa pratenses","blue grass kentucky"
"d006109","poaceae","grasses","gramineae","grass","arundo","imperata","alopecurus","imperata cylindrica"
"d011035","podophyllum",
"d048468","podospora","podospora anserina"
"d000070177","pogostemon","pogostemon cablin","patchouli"
"d031044","polyalthia",
"d031801","polygala","polygala senega","snakeroot seneca","polygala tenuifolia","polygala sibirica"
"d029608","polygalaceae",
"d019664","polygonaceae",
"d031384","polygonatum","false smilacina","solomon seal"
"d028502","polygonum","smartweed","knotweed","bistort","buckwheat false"
"d029621","polypodiaceae","drynaria","gusuibu","drynariae"
"d032494","polypodium","fern licorice","fern calaguala"
"d032493","polystichum","fern giant holly"
"d000079702","pomegranate","punica granatum"
"d032104","poncirus","orange trifoliate"
"d052596","pongamia","karanja","karanj"
"d031805","pontederiaceae","pontederia"
"d032107","populus","poplar true","populus fremontii","populus fremontius","cottonwood","populus nigra","poplar black","populus balsamifera","poplar balsam"
"d031822","portulaca","portulaca oleracea","purslane","portulaca oleracae"
"d029622","portulacaceae","claytonia","montia"
"d031821","potamogetonaceae","potamogeton"
"d031987","potentilla","silverweed","cinquefoil"
"d032132","pouteria","pouteria sapota","sapote yellow"
"","primrosa",
"d031825","primula","primrose","primula veri","cowslip"
"d029623","primulaceae","myrsinaceae","aegiceras","oncostemon","lysimachia","loosestrife yellow"
"d029862","prosopis","mesquite","algarrobo"
"d039105","proteaceae","protea plant","grevillea"
"d031347","prunella","prunella vulgari","xiakucao"
"d027861","prunus","chokecherry tree"
"d000070216","psacalium","indianbush","psacalium peltatum","matarique","psacalium putlanum","psacalium decompositum","desert indianbush","cacalia decomposita","odontotrichum decompositum"
"d011541","pseudallescheria","allescheria","petriellidium"
"d028224","pseudotsuga","fir douglas"
"d032425","pseudowintera",
"d031647","psidium","psidium guajava","goiaba","guava"
"d055391","psilocybe",
"d029907","psoralea",
"d032069","psychotria",
"","psylla",
"d029625","pteridaceae","cheilanthe"
"d032498","pteridium","fern bracken","brackenfern","pteridium aquilinum","pteris aquilina","pteris esculentum","pteridium esculentum"
"d032495","pteris","fern brake"
"d035721","pterocarpus",
"d029908","pueraria","puerariae","kudzu","pueraria tuberosa","pueraria montana","pachyrhizus thunbergianus","pueraria lobata"
"d052587","pulicaria",
"d029685","pulmonaria","lungwort"
"d031946","pulsatilla","pasqueflower"
"d031991","pyracantha","firethorn"
"d031828","pyrola","shinleaf"
"d031827","pyrolaceae",
"d032122","pyrularia",
"d031989","pyrus","pear"
"d032271","quassia","quassia amara"
"d029963","quercus","quercus infectoria","quercus ilex","quercus suber","cork oak tree","oak holly","tree oak"
"d031990","quillaja","quillaja saponaria","soapbush","soapbark"
"d029626","ranunculaceae","beesia","isopyrum","consolida","hepatica"
"d000076664","ranunculales",
"d031947","ranunculus",
"d031224","raphanus","radish","radishes","raphanus raphanistrum","wild radish","raphanus sativus","garden radish","cultivated radish"
"d036581","ratibida","coneflower prairie"
"d011926","rauwolfia","rauvolfia","rauwolfia serpentina","rauvolfia serpentina"
"d032267","rehmannia","rehmannia glutinosa","foxglove chinese"
"d031951","resedaceae","ochradenus","reseda"
"d027823","rhamnaceae","ventilago","alphitonia","discaria"
"d031955","rhamnus","frangula","cascara sagrada","sacred bark","frangula alnus","rhamnus frangula","rhamnus purshiana","cascara buckthorn","frangula purshiana"
"d012250","rheum","rhubarb","rheum officinale","da huang","chinese rhubarb","rheum rhaponticum","rheum tanguticum"
"d043982","rhizophoraceae","cassipourea","ceriop","rhizophora","mangrove red","rhizophora mangle","mangrove american","bruguiera","kandelia"
"d029771","rhodiola","rhodiola rosea","roseroot"
"d029793","rhododendron",
"d029045","rhus","sumac"
"d031965","ribes","currant","gooseberry","gooseberries","black currant","ribes nigrum"
"d012278","ricinus","ricinus communis","castor oil plant","castor bean plant"
"d031301","robinia","robinia pseudoacacia","locust black"
"d031045","rollinia",
"d031225","rorippa","cress yellow","cresses yellow"
"d027826","rosa","rose","rosehip"
"d027824","rosaceae","amelanchier","serviceberry","serviceberries","cotoneaster","chaenomele","quince flowering","cydonia","quince","dryas plant","coleogyne","cercocarpus","mahogany mountain","mahoganies mountain"
"d019685","rosales","pittosporum","pittosporaceae"
"d000074424","rosanae",
"","rosemary",
"d027542","rosmarinus","rosemary plant","rosmarinus officinali"
"d045470","rubia","rubia tinctorum","rubia cordifolia"
"d019666","rubiaceae","cruciata","isertia","nauclea","palicourea","chiococca","bouvardia","pentas","randia","saprosma","schumanniophyton","pentanisia"
"d065856","rubus","rubus glaucus","andean blackberry","andean blackberries","rubus idaeus","raspberries","raspberry","rubus fruticosus","blackberries","blackberry"
"d036582","rudbeckia","coneflower orange"
"d031804","rumex","rumex acetosa","rumex thyrsiflorus","garden sorrel","rumex crispus","yellow dock","canaigre","rumex scutatus","french sorrel"
"d031443","ruscus","ruscus aculeatus","butcher broom"
"d032105","ruta","rue","ruta chalepensis","ruta chalepenses","ruta graveolen"
"d027821","rutaceae","bauerella","haplophyllum","melicope","microcitrus","wild lime australian","raulinoa","sarcomelicope","severinia","swinglea","teclea","vepri","zieria","acronychia","agathosma","atalantia","glycosmi","fortunella","kumquat"
"d031309","ryania","ryania speciosa"
"d012440","saccharomyces",
"d004718","saccharomycetales","yeast budding","endomycetale","endomycopsis","endomycopses"
"d012442","saccharomycopsis","saccharomycopses"
"d031786","saccharum","sugarcane","saccharum officinarum","saccharum spontaneum"
"","sage",
"d034903","sagittaria","arrowhead"
"d049918","salacia","salacia oblonga","salacia chinensis","salacia reticulata"
"d031308","salicaceae","flacourtiaceae"
"d032108","salix","willow","salix viminalis","salix alba","white willow","salix caprea","goat willow","cortex salicis","salix matsudana"
"d031248","salsola","thistle russian","saltwort","tumbleweed"
"d032121","salvadoraceae","salvadora"
"d027544","salvia",
"d027923","sambucus","elder plant","sambucus canadensis","american elderberry","american elderberries","elderberry","elderberries"
"d031681","sanguinaria","sanguinaria canadensis","redroot","puccoon red","bloodroot"
"d031993","sanguisorba","burnet"
"d030005","sanicula","sanicle"
"d031444","sansevieria",
"d029630","santalaceae","comandra","toadflax bastard"
"d032123","santalum","sandalwood"
"d029631","sapindaceae","xanthocera","harpullia","cardiospermum"
"d032127","sapindus","soapberry","soapberries"
"d031287","sapium","tree chinese tallow"
"d029750","saponaria","saponaria officinali"
"d029632","sapotaceae","tieghemella","argania","sideroxylon"
"d052583","sarraceniaceae","darlingtonia","sarracenia","flytrap","pitcherplant"
"d031787","sasa","grass bamboo","bamboo grasses","sasa kurinensis","sasa kurinenses","kumazasa","sasa albomarginata"
"d027441","sassafras","sassafras officinale","sassafras albidum"
"d031362","satureja","savory plant","savory","savories"
"d032134","saururaceae","saururus"
"d030441","saussurea","saussurea lappa","saussurea costus"
"d031995","saxifragaceae","saxifraga","saxifrage"
"d000076607","saxifragales","saxiphragales"
"d032141","schisandra","gomisi","schizandra","schisandra chinensis","wu wei zi","wuweizi","schisandra glabra","bay starvine"
"d029633","schisandraceae",
"d012567","schizophyllum","schizophyllum commune"
"d012568","schizosaccharomyces","s pombe","fission yeast"
"d031445","scilla","scilla siberica","siberian squill"
"d031185","scolymus","thistle golden","salsify spanish","goldenthistle"
"d036721","scoparia","scoparia dulcis"
"d032603","scopolia",
"d031186","scorzonera","scorsonera","salsify black","black salsifies"
"d032266","scrophularia","figwort betony","betonies figwort"
"d028083","scrophulariaceae",
"d031363","scutellaria","skullcap"
"d012434","secale","secale cereale","rye"
"d031802","securidaca",
"d000079883","securinega",
"d031963","sedum","sedum praealtum","cockscomb green"
"d032503","selaginellaceae","selaginella","spikemoss","spikemosses","moss spike","mosses spike","fern rainbow"
"d031023","semecarpus","semecarpus anacardium"
"d031948","semiaquilegia","tian kui","tian kuus","semiaquilegia adoxoide","aquilegia adoxoide","isopyrum adoxoide"
"d012674","senecio","groundsel","ragwort"
"d032487","sequoia","redwood"
"d032488","sequoiadendron","sequoia giant"
"d028024","serenoa","sabal","serenoa repen","sabal serrulata","serenoa serrulata"
"d031685","sesamum","sesame"
"d049931","sesbania",
"d027781","shallots","shallot","allium ascalonicum"
"d031365","sideritis","sideritides","ironwort"
"d029751","silene","catchfly pink","catchflies pink"
"d032272","simarouba","simarouba amara","quassia simarouba"
"d029641","simaroubaceae","castela","simaba","harrisonia","picrolemma"
"d031226","sinapis","sinapis alba","brassica alba","white mustard"
"d032841","sinomenium","sinomenium acutum","qing feng teng"
"d029642","smilacaceae",
"d032281","smilax","greenbrier","zarzaparilla","sarsaparilla","greenbriar","smilax ornata","jamaican sarsaparilla"
"d019657","solanaceae","dunalia","acnistus"
"d000076666","solanales","convolvulales","sphenocleales","hydroleales","nolanales","cestrales","cuscutales"
"d032322","solanum","nettle horse","horsenettle","trompillo","nightshade","solanum dulcamara","nightshade bitter","solanum laciniatum","poroporo","nightshade laciniate"
"d036624","solidago","goldenrod","golden rod","solidago virgaurea"
"d031184","sonchus","thistle sow","sonchus arvensis","sonchus arvenses","thistle field milk"
"d029909","sophora","mescal bean plant"
"d031994","sorbus","ash mountain","rowan"
"d020037","sordariales",
"d045868","sorghum","kafir","kaffir corn","sorghum halepense","johnsongrass","johnsongrasses","sorghum bicolor","sudangrass","sudangrasses"
"d013025","soybeans","bean soy","glycine max"
"d031302","spartium","broom spanish","spartium junceum"
"d044003","sphagnopsida","peat moss","mosse peat","sphagnum","moss sphagnum"
"d031303","sphenostylis","african yam bean"
"d031992","spiraea",
"d031366","stachys","hedgenettle","nettle hedge","betonica"
"d029752","stellaria","stellaria media","common chickweed"
"d041901","stemonaceae","stichoneuron","croomia","stemona"
"d031607","stephania",
"d032361","sterculia","karaya","sterculia uren"
"d036625","stevia","stevia rebaudiana","sweetleaf","eupatorium rebaudianum"
"d032428","strelitziaceae","strelitzia"
"d034362","striga","witchweed"
"d030013","strophanthus",
"d031451","strychnos",
"d029644","styracaceae",
"d032362","styrax","styrax benzoide"
"d029843","suregada","suregada multiflora","gelonium multiflora"
"d029967","swertia","swertia chirata","swertia chirayita"
"d031240","symphoricarpos","symphoricarpus"
"d032133","synsepalum","synsepalum dulcificum","fruit miracle"
"d031662","syringa",
"d027842","syzygium","caryophyllus","cleistocalyx","syzygium cumini","jambolan plum tree","syzygium jambolanum","java plum tree","eugenia cumini","eugenia jambolana","syzygium sandwicense","eugenia sandwicensis","syzygium jambos","eugenia jambos","syzygium malaccense","eugenia malaccensis","clove","eugenia aromatica","eugenia caryophyllata","syzygium aromaticum","caryophyllus aromaticus"
"d029663","tabebuia","lapacho tree","taheebo tree","handroanthus impetiginosus","tabebuia palmeri","tabebuia impetiginosa","pau darco","tabebuia lapacho","tabebuia rosea","tabebuia avellanedae"
"d030014","tabernaemontana","tabernanthe iboga","iboga"
"d031686","tagetes","pericon"
"d032901","talaromyces",
"d032363","tamaricaceae","tamarix","tamarices","tamarisk"
"d029861","tamarindus","tamarindus indica","tamarind"
"d027744","tamus","bryony black","black bryonies","tamus communi"
"d031203","tanacetum","tansy","tansies","tanacetum vulgare"
"d031205","taraxacum","dandelion","taraxacum officinale"
"d032490","taxaceae","torreya"
"d032489","taxodium","bald cypress","bald cypresses"
"d020946","taxus","taxus brevifolia"
"d031304","tephrosia",
"d029766","terminalia","terminalia arjuna","arjun tree","arjuna tree","myrobalan"
"d055434","termitomyces",
"d031305","tetrapleura",
"d031367","teucrium","germander","teucrium polium","teucrium chamaedrys"
"d031949","thalictrum","meadow rue"
"d053629","thapsia",
"d028242","theaceae","gordonia plant"
"d055327","thermoascus","thermoascus aurantiacus"
"d031052","thevetia","thevetia peruviana","oleander tree yellow"
"d031227","thlaspi","thlaspus","thlaspi arvense"
"d029783","thuja","thuja orientali","biota orientali","thuja plicata","cedar western red","thuja occidentali","arbor vitae"
"d029645","thymelaeaceae","aquilaria","dirca"
"d032384","tilia","basswood","linden"
"d029646","tiliaceae",
"d031232","tillandsia",
"d031610","tinospora",
"d000079542","tithonia",
"d014026","tobacco","nicotiana","nicotiana tabacum"
"d055319","torulaspora","torulaspora delbrueckii","torulaspora delbrueckius"
"d012251","toxicodendron","poison oak","rhus toxicodendron","poison ivy","ivies poison","poison sumac"
"d064028","tracheophyta","coniferophyta","tracheobionta","conifer","pinophyta","pteridophyta"
"d034823","tradescantia","spiderwort"
"d031188","tragopogon","salsify yellow","salsifies yellow","tragopogon pratensis","tragopogon pratenses","goat beard","tragopogon porrifolius","salsify common","common salsifies"
"d034402","trema",
"d032444","tribulus","goathead","puncture vine","tribulus terrestri"
"d055439","tricholoma",
"d029778","trichosanthes","gourd snake"
"d029921","trifolium","trifolium repen","trifolium pratense","red clover"
"d029910","trigonella","trigonella foenum graecum","foenumgraecum","poenumgraecum","fenugreek"
"d031446","trillium","wakerobin"
"d031169","tripleurospermum","camomile scentless","mayweed false","chamomile scentless","tripleurospermum perforatum","matricaria perforata","tripleurosperum perforatum"
"d029757","tripterygium","tripterygium hypoglaucum","tripterygium wilfordii","tripterygium wilfordius","leigong teng","thundergod vine"
"d000066889","triticale","triticosecale","triticum x secale"
"d014908","triticum","triticum turgidum","wheat","triticum aestivum","triticum vulgare","triticum spelta","durum wheat","triticum durum","triticum turgidum subsp durum"
"d032385","triumfetta","triumfetta semitriloba"
"d032387","tropaeolaceae",
"d032388","tropaeolum","nasturtium garden","tropaeolum majus","cress indian"
"d028225","tsuga","hemlock tree"
"d031447","tulipa","tulip"
"d029647","turnera","turnera diffusa","damiana"
"d031207","tussilago","tussilago farfara","coltsfoot"
"d031110","tylophora","tylophora indica","cynanchum indicum","tylophora asthmatica","asclepias asthmatica"
"d032401","typhaceae","typha","cattail"
"d039762","ulex","ulices","ulex jussiaei","ulex jussiaeus","ulex europaeus","ulex euroapaeus","ulex europae","ulex european","gorse common","ulex europeus","ulex europhaeus","ulex europoeus","ulex europus","gorse european","ulex eulopeus","ulex europeaus"
"d034401","ulmaceae","zelkova","celti","hackberry","hackberries"
"d034403","ulmus","elm tree","ulmus rubra","ulmus fulva","slippery elm"
"d027422","umbellularia","california bay laurel"
"d032070","uncaria",
"d027003","urticaceae","myrianthus","cecropiaceae","musanga"
"d020949","usnea","usnea barbata"
"d031046","uvaria",
"d031245","vaccaria",
"d029796","vaccinium",
"d014632","valerian","valeriana","valeriana officinali","heliotrope garden"
"d028161","valerianaceae","centranthus"
"d032406","valerianella","cornsalad"
"d031669","vanilla",
"d014703","veratrum","hellebore false","veratrum nigrum"
"d032265","verbascum","mullein","verbascum thapsus","verbascum phlomoides"
"d032412","verbena","vervain"
"d029648","verbenaceae",
"d031208","verbesina",
"d035741","vernonia",
"d032264","veronica","speedwell"
"d027925","viburnum","highbush cranberry","cranberries highbush","cramp bark"
"d031306","vicia","vetch"
"d000070658","vigna","cowpea","vigna angularis","adzuki bean","vigna aconitifolia","moth bean","vigna radiata","bean mung","vigna unguiculata","blackeyed pea","vigna mungo","phaseolus mungo","black gram","vigna umbellata","rice bean"
"d031053","vinca","periwinkle","vinca major","vinca minor","lesser periwinkle"
"d066047","vincetoxicum","vincetoxicum atratum","cynanchum atratum"
"d032413","viola","pansy","pansies","violet"
"d029649","violaceae","hybanthus"
"d028163","viscaceae","korthalsella","arceuthobium"
"d028181","viscum",
"d027844","vitaceae",
"d020950","vitex","vitex agnus castus","chastetree","chaste tree","chasteberry tree","chasteberry","chasteberries","vitex rotundifolia"
"d027843","vitis","vitis vinifera","grape","raisin"
"d036902","voacanga",
"d055367","volvariella",
"d031228","wasabia","horseradish japanese"
"d031209","wedelia",
"d032365","wikstroemia",
"d055320","williopsis","williopses"
"d032423","winteraceae",
"d032447","wisteria","wistaria","wisteria floribunda"
"d032341","withania","withania somnifera"
"d031565","woodfordia",
"d031210","xanthium","cocklebur","xanthium spinosum","cocklebur spiny"
"d031950","xanthorhiza","yellowroot"
"d000070380","xanthorrhoeaceae","asphodelaceae","phormium","zealand flax new","bulbine"
"d031063","xanthosoma","zanthosoma","xanthosoma sagittifollium","zanthosoma sagittifolium"
"d013098","xylariales","sphaeriale"
"d054336","xylopia",
"d025062","yarrowia","yarrowia lipolytica"
"d027623","yucca","yucca schidigera","yucca filamentosa"
"d032481","zamiaceae","macrozamia","ceratozamia","dioon","encephalarto","microcyca","lepidozamia","zamia"
"d031064","zantedeschia",
"d032106","zanthoxylum","xanthoxylum","zanthoxylum gilletii","zanthoxylum gilletius","fagara macrophylla","fagara tessmannii","fagara tessmannius","zanthoxylum heitzii","zanthoxylum heitzius","fagara heitzii","fagara heitzius","zanthoxylum leprieurii","zanthoxylum leprieurius","fagara leprieurii","fagara leprieurius","zanthoxylum mayu","fagara mayu","xanthoxylum inerme","fagara boninensis","fagara boninenses","zanthoxylum nitidum","fagara nitidum","zanthoxylum rhetza","fagara rhetza","zanthoxylum coco","fagara coco","zanthoxylum ailanthoide","fagara ailanthoide","zanthoxylum rubescen","fagara rubescen","xanthoxylum cuspidatum","fagara cuspidata","zanthoxylum fagara","fagara zanthoxyloide","fagara xanthoxyloide","zanthoxylum monophyllum","fagara monophyllum"
"d031449","zigadenus","camas death","zygadenus"
"d030521","zingiberaceae","aframomum","kaempferia","hedychium","boesenbergia","renealmia"
"d019862","zingiberales",
"d031957","ziziphus","zizyphus","jujube"
"d035962","zosteraceae","zostera"
"d028461","zygophyllaceae",
"d032445","zygophyllum",
"d020068","zygosaccharomyces",
"","american ginseng",
"d028524","anethum graveolens","dill plant","dill","dill weed"
"d029970","angelica archangelica",
"d029971","angelica sinensis","angelica sinenses"
"d000080059","araucaria araucana",
"d031243","arenaria plant",
"d031171","artemisia absinthium",
"d031172","artemisia annua","qinghao","sweet wormwood","qing hao","sweet annie"
"d027761","asparagus plant","asparagus officinalis"
"d031173","aster plant",
"d027884","astragalus gummifer",
"d027883","astragalus plant","milk vetch","locoweed wooly"
"d027885","astragalus propinquus","astragalus membranaceus","astragalus mongholicus"
"d001532","atropa belladonna","belladonna"
"d027467","bassia scoparia","fireweed","burningbush bassia","firebrush","kochia scoparia","summer cypress","summer cypresses"
"d027461","beta vulgaris","chard","beet"
"d029798","blueberry plants","vaccinium virgatum","vaccinium ashei","vaccinium uliginosum","vaccinium angustifolium","blueberry","blueberries","vaccinium corymbosum"
"d041601","bonamia plant","bonamia spectabili"
"d029688","brassica napus","rapeseed","turnip","rutabaga"
"d029741","brassica rapa","wild rutabaga","field mustard","wild turnip"
"","burdock root",
"d031059","calla plant",
"d028241","camellia sinensis","camellia sinenses","thea sinensis","thea sinenses"
"d002176","candida albicans",
"d041221","candida glabrata","torulopsis glabrata"
"d000074429","candida parapsilosis","c parapsilosis","candida parapsilosis complex","candida parapsilosis group","c parapsilosis complex","candida orthopsilosis","c orthopsilosis","candida metapsilosis","c metapsilosis"
"d041022","candida tropicalis",
"d031255","carex plant",
"d031187","carthamus tinctorius","safflower"
"d002367","castor bean",
"d020948","cats claw","uncaria tomentosa"
"","cayenne papper",
"d035702","cecropia plant",
"","chaste berry",
"d027463","chenopodium album","lambsquarter"
"d027464","chenopodium ambrosioides","epazote","wormseed"
"d027465","chenopodium quinoa","quinoa"
"d011723","chrysanthemum cinerariifolium","tanacetum cinerariifolium","pyrethrum","chrysanthemum coccineum","pyrethum daisy","daisies pyrethum","tanacetum coccineum"
"d032904","cinnamomum aromaticum","gui zhi","cinnamomum cassia","chinese cinnamon","cassia tree","cassia chinese"
"d027423","cinnamomum camphora","camphor tree","camphor laurel"
"d002935","cinnamomum zeylanicum","cinnamomum verum","cinnamon"
"d065986","citrullus colocynthis","colocynth","bitter cucumber","bitter apple"
"d032082","citrus aurantiifolia","limes"
"d032083","citrus paradisi","citrus x paradisi","grapefruit","toronja"
"d032084","citrus sinensis","citrus sinenses","orange tree","orange"
"","corn silk",
"d031218","crambe plant","crambe abyssinica"
"d028463","cucumis melo","cantaloupe"
"d018553","cucumis sativus","cucumbers"
"d053998","cyclopia plant",
"d031943","cynara scolymus","artichoke"
"d058530","datura metel",
"d013286","datura stramonium","stramonium","jimson weed","jimsonweed","thornapple"
"d018552","daucus carota","carrot","daucus"
"d031182","echinops plant","thistle globe","echinops grijisii","echinops grijisius"
"","elder flowers",
"d029790","ephedra sinica","chinese ephedra","ma huang"
"d041621","eremophila plant",
"","evening promrose",
"d045468","fallopia japonica","knotweed japanese","polygonum cuspidatum"
"d000068676","fallopia multiflora","fo ti","polygonum multiflorum"
"d029761","garcinia cambogia","mangostana cambogia","citrin fruit"
"d029763","garcinia kola","bitter kola"
"d029762","garcinia mangostana","mangosteen"
"d020441","ginkgo biloba","gingko","gingko biloba","ginkgo","ginko","maidenhair tree","ginkgophyta"
"d029882","glycyrrhiza uralensis","glycyrrhiza uralenses","gan zao","gan cao","chinese licorice"
"","grape seed",
"d031104","gymnema sylvestre","gurmar"
"d029797","huckleberry plant","huckleberry","huckleberries"
"d000068819","hyssopus plant","hyssopus officinalis","hyssop"
"d030018","ilex guayusa","guayusa"
"d030019","ilex paraguariensis","ilex paraguarienses","mate yerba"
"d030020","ilex vomitoria","yaupon"
"d027723","ipomoea batatas","sweet potato","pseudo yam"
"d049915","ipomoea nil","morning glory japanese","pharbitis nil"
"d031323","iris plant",
"d031564","lawsonia plant","lawsonia inermi","henna plant"
"","lemon verbena",
"d027806","lens plant","lentil","lens culinari"
"d031220","lepidium sativum","cress garden","cresses garden","cress common garden","garden cresses common","gardencress","gardencresses","peppergrass","peppergrasses","pepperweed"
"","linden flower",
"d031424","liriope plant","lilyturf","liriope spicatum","liriope muscari"
"d018551","lycopersicon esculentum","solanum lycopersicum","tomatoes","tomato"
"d036461","mallotus plant","mallotus philippensis","mallotus philippenses","kamala tree"
"","mallow flowers",
"d000455","medicago sativa","alfalfa","lucerne"
"d046913","medicago truncatula",
"d031586","melia azedarach","chinaberry tree"
"d057665","melinis repens","natal grass","rosea nee tricholaena","saccharum repen","tricholaena repen","rhynchelytrum repen","rhynchelytrum roseum","natal grass rose"
"d036142","mentha piperita","mentha x piperita","peppermint"
"d031335","mentha pulegium","pennyroyal european","pulegium vulgare"
"d031337","mentha spicata","spearmint"
"d020944","milk thistle","carduus marianus","silybum marianum"
"d029777","momordica charantia","bitter melon","gourd bitter","karela"
"d029588","moringa oleifera","drumsticktree"
"d009149","mustard plant","brassica juncea","brassica nigra","mustard"
"d009492","neurospora crassa",
"d031861","nigella damascena","fennel wild"
"d031881","nigella sativa","cumin black","kalonji","kalonjus"
"d018649","ocimum basilicum","sweet basil","basil"
"d000070004","ocimum sanctum","ocimum tenuiflorum","holy basil"
"d031665","oenothera biennis","primrose evening"
"","orange flowers",
"d053723","panax notoginseng",
"","paraguay tea",
"d031344","perilla frutescens",
"d029842","phyllanthus emblica","emblica officinali","mirobalanus embilica","amla"
"d029604","phytolacca americana","pokeweed","poke plant"
"d029605","phytolacca dodecandra","endod"
"d041604","pinus ponderosa","ponderosa pine"
"d041605","pinus sylvestris",
"d041603","pinus taeda","pine loblolly"
"d031721","piper betle",
"d029222","piper nigrum","white pepper","black pepper"
"d045363","pneumocystis carinii","pneumocystis carini","pneumocystis jirovecii","pneumocystis jiroveci"
"d028144","podophyllum peltatum","may apple","mayapple","mandrake american"
"d000068218","prunus africana","african prune","pygeum africanum"
"d000068219","prunus armeniaca","apricot tree","apricot"
"d000068220","prunus avium","sweet cherry tree","prunus cerasus","sour cherry","cherries sour","pie cherry","cherries pie","sweet cherries","cherry sweet","prunus serotina","black cherry","black cherries"
"d000068242","prunus domestica","plum tree","plum","prunus cerasifera","cherry plum tree","salicina prunus","plum japanese"
"d000068181","prunus dulcis","almond tree","prunis communis","sweet almond","prunus amygdalus","amygdalus communis","almond"
"d000068239","prunus persica","peach tree","peach","peaches"
"","pumpkin seed",
"","raspberry leaf",
"","red sorrel",
"","rose hip",
"d000069983","saccharomyces boulardii","saccharomyces boulardius"
"d012441","saccharomyces cerevisiae","yeast baker","yeast brewer","s cerevisiae"
"d027561","salvia miltiorrhiza","tan seng","dan shen","chinese salvia","salvia miltiorrhizae","danshen"
"d027543","salvia officinalis","sage plant"
"d027924","sambucus nigra","elder european","elder black","black elderberry","black elderberries"
"","saw palmetto",
"d031364","scutellaria baicalensis","huang qin","skullcap baikal","scutellariae radix","huangqin"
"d029846","senna plant","senna occidentali","coffee senna","cassia occidentali","senna alexandrina","cassia angustifolia","cassia senna"
"d032983","setaria plant","millet foxtail","bristlegrass","bristlegrasses","setaria italica","millet italian","millet german","chaetochloa italica"
"d020942","shiitake mushrooms","lentinula edode","lentinus edode"
"d000076248","sida plant","fanpetal"
"d036061","solanum glaucophyllum",
"d032323","solanum melongena","aubergine","eggplant","brinjal"
"d032324","solanum nigrum","black nightshade"
"d011198","solanum tuberosum","potatoes","potato"
"d018724","spinacia oleracea","spinach"
"d031609","stephania tetrandra",
"d020903","tanacetum parthenium","feverfew","chrysanthemum parthenium"
"","tea tree",
"d046930","thymus plant","thymus vulgari","thyme"
"d026982","urtica dioica","nettle stinging"
"d029799","vaccinium macrocarpon","cranberry","cranberries"
"d029800","vaccinium myrtillus","vaccinium bracteatum","sea bilberry","bilberries sea","bilberry","bilberries","whortleberry","whortleberries"
"d031307","vicia faba","fava bean","bean faba","horsebean","bean horse"
"d033022","vicia sativa","vetch common"
"d028182","viscum album","mistletoe european"
"d003313","zea mays","zea","corn","indian corn","maize","teosinte"
"","bitter orange peel",
"d031461","strychnos nux vomica","strychninetree","nux vomica"
"d029801","vaccinium vitis idaea","lingonberry","lingonberries"
